timestamp	none	0	1	2	3	4
946944000	51.83	48.17	0	0	0	0
947548800	18.25	81.75	0	0	0	0
948153600	27.97	72.03	0	0	0	0
948758400	44.03	55.97	0	0	0	0
949363200	49.12	50.88	0	0	0	0
949968000	55.8	44.2	0	0	0	0
950572800	56.39	43.61	0	0	0	0
951177600	81.29	18.71	0	0	0	0
951782400	83.71	16.29	0.05	0	0	0
952387200	90.56	9.44	0.03	0	0	0
952992000	97.45	2.55	0	0	0	0
953596800	97.45	2.55	0	0	0	0
954201600	97.28	2.72	0	0	0	0
954806400	97.02	2.98	0	0	0	0
955411200	97.02	2.98	0	0	0	0
956016000	95.93	4.07	0	0	0	0
956620800	100	0	0	0	0	0
957225600	100	0	0	0	0	0
957830400	100	0	0	0	0	0
958435200	100	0	0	0	0	0
959040000	100	0	0	0	0	0
959644800	100	0	0	0	0	0
960249600	100	0	0	0	0	0
960854400	100	0	0	0	0	0
961459200	100	0	0	0	0	0
962064000	100	0	0	0	0	0
962668800	100	0	0	0	0	0
963273600	100	0	0	0	0	0
963878400	100	0	0	0	0	0
964483200	92.39	7.61	0	0	0	0
965088000	92.39	7.61	0	0	0	0
965692800	87.98	12.02	0	0	0	0
966297600	75.09	24.91	1.72	0	0	0
966902400	75.09	24.91	0.99	0	0	0
967507200	77.21	22.79	0	0	0	0
968112000	87.82	12.18	0	0	0	0
968716800	87.82	12.18	0	0	0	0
969321600	87.82	12.18	0	0	0	0
969926400	87.3	12.7	0	0	0	0
970531200	87.3	12.7	0	0	0	0
971136000	87.3	12.7	0	0	0	0
971740800	84.08	15.92	0	0	0	0
972345600	88.15	11.85	0	0	0	0
972950400	100	0	0	0	0	0
973555200	100	0	0	0	0	0
974160000	100	0	0	0	0	0
974764800	100	0	0	0	0	0
975369600	100	0	0	0	0	0
975974400	100	0	0	0	0	0
976579200	100	0	0	0	0	0
977184000	100	0	0	0	0	0
977788800	100	0	0	0	0	0
978393600	69.13	30.87	0	0	0	0
978998400	56.33	43.67	0	0	0	0
979603200	85.26	14.74	0	0	0	0
980208000	74.23	25.77	0	0	0	0
980812800	80.05	19.95	0	0	0	0
981417600	63.65	36.35	0	0	0	0
982022400	62.95	37.05	2.68	0	0	0
982627200	68.1	31.9	2.28	0	0	0
983232000	73.11	26.89	2.95	0	0	0
983836800	73.11	26.89	2.97	0	0	0
984441600	73.11	26.89	2.97	0	0	0
985046400	73.4	26.6	4.65	0.08	0	0
985651200	73.4	26.6	4.65	0.08	0	0
986256000	69.79	30.21	12.93	3.44	0.58	0
986860800	74.01	25.99	13.11	3.44	0.58	0
987465600	66.5	33.5	14.71	3.44	0.58	0
988070400	66.5	33.5	14.71	3.44	0.58	0
988675200	66.5	33.5	14.71	3.44	0.58	0
989280000	66.5	33.5	14.71	3.44	0.07	0
989884800	59.65	40.35	17.23	3.44	0.05	0
990489600	59.65	40.35	17.23	3.44	0.05	0
991094400	59.65	40.35	17.23	6.1	0.04	0
991699200	49.85	50.15	22.39	8.24	0.05	0
992304000	49.85	50.15	24.34	8.93	0.05	0
992908800	46.48	53.52	25.96	15.87	0.2	0
993513600	46.12	53.88	27.59	17.28	0.93	0
994118400	42.02	57.98	27.59	18.48	4.72	0
994723200	56.08	43.92	26.69	17.04	9.69	0
995328000	55.94	44.06	27.19	19.79	9.69	0
995932800	54.82	45.18	27.19	19.79	9.69	0
996537600	54.82	45.18	27.19	19.79	9.69	0
997142400	54.82	45.18	27.19	19.79	9.69	0
997747200	54.82	45.18	27.19	19.79	10.31	0
998352000	53	47	32.15	25.19	16.26	0
998956800	50.28	49.72	35.87	28.25	18.6	0
999561600	50.28	49.72	35.87	28.25	18.6	0
1000166400	33.99	66.01	47.53	33.58	18.95	0
1000771200	33.99	66.01	47.53	33.58	18.95	0
1001376000	33.99	66.01	47.53	33.58	18.95	0
1001980800	33.99	66.01	47.53	33.57	18.95	0
1002585600	33.99	66.01	47.53	33.58	18.95	0
1003190400	29.62	70.38	47.53	33.58	18.95	0
1003795200	29.62	70.38	47.53	33.58	18.95	0
1004400000	29.62	70.38	47.53	32.69	18.22	0
1005004800	29.62	70.38	47.53	32.69	18.22	0
1005609600	29.62	70.38	47.53	32.69	18.22	0
1006214400	29.62	70.38	47.53	30.64	18.22	0
1006819200	40.93	59.07	45.1	30.64	17.59	0
1007424000	45.75	54.25	34.41	21.4	7.56	0
1008028800	48.36	51.64	30.49	20.09	6.77	0
1008633600	51.45	48.55	30.49	17.9	3.2	0
1009238400	66.53	33.47	18.81	9.92	0	0
1009843200	77.42	22.58	11.08	4.92	0	0
1010448000	92.84	7.16	0.11	0	0	0
1011052800	92.58	7.42	0.27	0	0	0
1011657600	87.24	12.76	0.11	0	0	0
1012262400	87.79	12.21	0.15	0	0	0
1012867200	75.57	24.43	0.16	0	0	0
1013472000	53.96	46.04	0.28	0	0	0
1014076800	54.76	45.24	0.07	0	0	0
1014681600	54.51	45.49	0.17	0	0	0
1015286400	52.91	47.09	0.29	0	0	0
1015891200	53.35	46.65	21.95	0	0	0
1016496000	55.6	44.4	22.3	0	0	0
1017100800	54.83	45.17	22.32	1.56	0	0
1017705600	55.18	44.82	26.77	6.56	0	0
1018310400	54.11	45.89	35.6	19.1	0	0
1018915200	52.61	47.39	38.23	29.37	0	0
1019520000	52.85	47.15	37.98	29.12	0	0
1020124800	53.26	46.74	37.89	26.4	0.45	0
1020729600	53.54	46.46	37.13	26.21	0.45	0
1021334400	53.27	46.73	37.31	26.59	0.55	0
1021939200	53.49	46.51	36.83	26.07	0.45	0
1022544000	19.89	80.11	41.79	27.18	3.87	0
1023148800	17.99	82.01	42.05	26.85	3.93	0
1023753600	17.86	82.14	42.35	27.08	4.09	0
1024358400	18.01	81.99	48.22	33.2	9.07	0
1024963200	7.56	92.44	52.99	35.49	13.46	0
1025568000	7.45	92.55	53.31	35.76	13.67	0
1026172800	6.55	93.45	53.57	36.09	15.15	0
1026777600	6.67	93.33	51.55	36.28	23.2	0
1027382400	5.69	94.31	55.3	37.9	23.07	0
1027987200	4.99	95.01	55.35	39.71	24.45	0
1028592000	5.23	94.77	56.22	40.05	26.05	0
1029196800	4.99	95.01	56.66	40.03	26.32	0
1029801600	4.99	95.01	56.57	40.31	23.95	0
1030406400	4.89	95.11	56.24	39.99	24.21	0
1031011200	5.28	94.72	56.36	39.93	22.95	0
1031616000	5.1	94.9	55.24	40.45	23.63	0
1032220800	5.77	94.23	55.61	39.39	23.92	0
1032825600	5.5	94.5	56.14	39.64	23.98	0
1033430400	6.12	93.88	51.75	38.19	23.61	0
1034035200	0	100	70.73	39.66	23.64	0
1034640000	0	100	70.48	39.6	23.64	0
1035244800	0	100	72.01	39.65	23.89	0
1035849600	0	100	72.23	39.41	24.28	0
1036454400	0	100	75.48	47.2	24.48	0
1037059200	5.29	94.71	35.19	28.1	20.41	0
1037664000	5.55	94.45	35.87	28.21	20.68	0
1038268800	4.96	95.04	36.15	28.59	20.81	0
1038873600	5.66	94.34	35.26	28.16	17.35	0
1039478400	0	100	51.74	30.89	17.39	0
1040083200	42.1	57.9	35.75	29.12	17.18	0
1040688000	56.56	43.44	33.12	26.29	17.58	0
1041292800	58.39	41.61	32.23	26.06	17.19	0
1041897600	58.16	41.84	32.14	25.42	16.93	0
1042502400	60.71	39.29	30.81	25.39	17.08	0
1043107200	61.07	38.93	29.7	24.2	17.18	0
1043712000	51.74	48.26	29.56	25.24	15.67	0
1044316800	47.36	52.64	31.78	25.8	15.7	0
1044921600	45.39	54.61	38.83	28.32	14.91	0
1045526400	57.82	42.18	34.47	20.69	7.93	0
1046131200	58.1	41.9	34.46	20.61	7.62	0
1046736000	60.17	39.83	30.65	21.81	1.35	0
1047340800	45.14	54.86	33.71	21.85	1.2	0
1047945600	51.5	48.5	32.9	11.55	0.04	0
1048550400	51.83	48.17	32.1	11.33	0.1	0
1049155200	39.64	60.36	32.57	11.57	0.21	0
1049760000	40.13	59.87	32.74	11.39	0.17	0
1050364800	58.56	41.44	29	10.17	0.05	0
1050969600	59.72	40.28	30.85	8.75	0.04	0
1051574400	59.37	40.63	29.46	7.67	0	0
1052179200	58.71	41.29	30.12	8.33	0	0
1052784000	63.81	36.19	25.47	8.03	0	0
1053388800	64.15	35.85	25.01	8.47	0	0
1053993600	65.05	34.95	25.13	8.38	0	0
1054598400	63.32	36.68	26.16	8.99	0	0
1055203200	63.7	36.3	25.72	8.66	0	0
1055808000	63.83	36.17	25.85	8.23	0.1	0
1056412800	64.7	35.3	25.23	8.28	0.04	0
1057017600	63.14	36.86	25.06	8.45	0.03	0
1057622400	62.41	37.59	25.72	9.38	0	0
1058227200	62.14	37.86	25.28	9.19	0	0
1058832000	62.96	37.04	26.04	8.9	0.01	0
1059436800	63.9	36.1	24.76	8.43	0.03	0
1060041600	63.37	36.63	25.72	9.1	0.05	0
1060646400	63.93	36.07	24.75	8.37	0.01	0
1061251200	66.81	33.19	24.08	12.7	0	0
1061856000	66.8	33.2	24.01	13.44	0.01	0
1062460800	65.32	34.68	30.54	15.26	0	0
1063065600	65.83	34.17	27.52	9.39	0.01	0
1063670400	67.25	32.75	24.9	10.18	0	0
1064275200	66.92	33.08	25.47	10.71	0	0
1064880000	67.98	32.02	23.86	8.94	0	0
1065484800	66.91	33.09	25.28	10.65	0	0
1066089600	28.25	71.75	23.96	9.48	0	0
1066694400	26.77	73.23	26.49	11.27	0	0
1067299200	6.6	93.4	42.17	11.32	0.02	0
1067904000	29.14	70.86	33.06	11.07	0	0
1068508800	45.87	54.13	31.34	10.2	0	0
1069113600	44.56	55.44	32.1	11.56	0.03	0
1069718400	46.19	53.81	30.69	10.91	0	0
1070323200	43.73	56.27	30.7	9.84	0	0
1070928000	47.46	52.54	29.64	8.86	0.01	0
1071532800	48.91	51.09	30.57	9.75	0.02	0
1072137600	47.84	52.16	32.06	9.8	0.01	0
1072742400	67.34	32.66	20.28	9.47	0	0
1073347200	69.55	30.45	20.28	8.05	0	0
1073952000	65.27	34.73	23.23	9.51	0	0
1074556800	66.01	33.99	18.38	7.67	0	0
1075161600	67.18	32.82	17.3	7.67	0	0
1075766400	67.18	32.82	17.3	7.79	0	0
1076371200	67.47	32.53	17.2	7.78	0	0
1076976000	67.47	32.53	17.2	7.78	0	0
1077580800	70.62	29.38	17.2	7.78	0	0
1078185600	74	26	17.16	7.94	0	0
1078790400	74	26	17.16	7.94	0	0
1079395200	74	26	17.16	7.94	0	0
1080000000	74	26	17.16	7.94	0	0
1080604800	61.85	38.15	17.16	7.94	0	0
1081209600	62.08	37.92	16.45	5.43	0	0
1081814400	31.64	68.36	19.01	5.78	0	0
1082419200	31.64	68.36	19.01	5.78	0	0
1083024000	29.21	70.79	22.67	6.96	0	0
1083628800	16.81	83.19	46.06	6.96	0	0
1084233600	17.07	82.93	46.06	6.96	0	0
1084838400	17.07	82.93	46.06	6.96	0	0
1085443200	16.9	83.1	48.33	6.96	0	0
1086048000	18.39	81.61	50.36	6.66	0	0
1086652800	17.67	82.33	50.41	7.67	0	0
1087257600	17.67	82.33	50.41	7.67	0	0
1087862400	17.95	82.05	50.66	7.57	0	0
1088467200	14.64	85.36	50.9	7.57	0	0
1089072000	14.81	85.19	52.05	8.32	0	0
1089676800	14.81	85.19	52.05	8.32	0	0
1090281600	14.81	85.19	52.02	9.89	0	0
1090886400	14.81	85.19	52.05	14.97	0	0
1091491200	15.64	84.36	52.05	14.97	0	0
1092096000	10.62	89.38	60.59	25.3	0	0
1092700800	10.62	89.38	60.59	21.79	0	0
1093305600	10.63	89.37	60.59	21.79	0	0
1093910400	5.1	94.9	61.29	22.45	0	0
1094515200	5.2	94.8	61.29	22.45	0	0
1095120000	5.35	94.65	61.08	21.1	0	0
1095724800	5.26	94.74	61.08	21.1	0	0
1096329600	5.41	94.59	61.08	21.1	0	0
1096934400	5.41	94.59	61.08	21.1	0	0
1097539200	5.41	94.59	61.08	21.1	0	0
1098144000	12.21	87.79	55.82	18.25	0	0
1098748800	18.23	81.77	40.55	10.42	0	0
1099353600	18.41	81.59	31.28	10.42	0	0
1099958400	20.84	79.16	31.28	8.3	0	0
1100563200	24.23	75.77	31.28	8.3	0	0
1101168000	24.23	75.77	31.28	8.3	0	0
1101772800	26.46	73.54	30.21	8.64	0	0
1102377600	26.62	73.38	29.37	4.84	0	0
1102982400	32.23	67.77	29.37	3.98	0	0
1103587200	32.23	67.77	29.37	3.98	0	0
1104192000	40.46	59.54	28.85	3.98	0	0
1104796800	69.05	30.95	7.85	1.77	0	0
1105401600	83.4	16.6	4.1	0.21	0	0
1106006400	88.37	11.63	4.1	0.21	0	0
1106611200	88.24	11.76	4.1	0.21	0	0
1107216000	88.93	11.07	4.1	0	0	0
1107820800	89.8	10.2	4.1	0	0	0
1108425600	88.57	11.43	1.22	0	0	0
1109030400	88.57	11.43	1.22	0	0	0
1109635200	90.4	9.6	1.22	0	0	0
1110240000	90.12	9.88	1.3	0	0	0
1110844800	87.97	12.03	3	0.21	0	0
1111449600	87.97	12.03	3	0.21	0	0
1112054400	95.35	4.65	2.87	0.21	0	0
1112659200	94.54	5.46	2.63	0.04	0	0
1113264000	95.46	4.54	2.64	0.04	0	0
1113868800	96.16	3.84	2.09	0	0	0
1114473600	96.16	3.84	2.09	0	0	0
1115078400	95.53	4.47	2.09	0	0	0
1115683200	97	3	1.09	0	0	0
1116288000	98.48	1.52	0.06	0	0	0
1116892800	98.48	1.52	0.06	0	0	0
1117497600	98.48	1.52	0.06	0	0	0
1118102400	98.48	1.52	0.06	0	0	0
1118707200	98.48	1.52	0.06	0	0	0
1119312000	98.71	1.29	0.06	0	0	0
1119916800	99.01	0.99	0.06	0	0	0
1120521600	99.01	0.99	0.06	0	0	0
1121126400	99.01	0.99	0.06	0	0	0
1121731200	99.01	0.99	0.06	0	0	0
1122336000	99.01	0.99	0.06	0	0	0
1122940800	98.96	1.04	0.06	0	0	0
1123545600	99.03	0.97	0.06	0	0	0
1124150400	99.04	0.96	0.06	0	0	0
1124755200	98.85	1.15	0.06	0	0	0
1125360000	98.84	1.16	0.06	0	0	0
1125964800	99.2	0.8	0.06	0	0	0
1126569600	99.2	0.8	0.06	0	0	0
1127174400	99.41	0.59	0.05	0	0	0
1127779200	99.58	0.42	0	0	0	0
1128384000	99.58	0.42	0	0	0	0
1128988800	99.58	0.42	0	0	0	0
1129593600	99.58	0.42	0	0	0	0
1130198400	99.58	0.42	0	0	0	0
1130803200	99.58	0.42	0	0	0	0
1131408000	99.66	0.34	0	0	0	0
1132012800	99.66	0.34	0	0	0	0
1132617600	99.66	0.34	0	0	0	0
1133222400	75.23	24.77	0	0	0	0
1133827200	90.03	9.97	0	0	0	0
1134432000	90.03	9.97	0	0	0	0
1135036800	93.69	6.31	0	0	0	0
1135641600	93.91	6.09	0	0	0	0
1136246400	98.32	1.68	0	0	0	0
1136851200	96.6	3.4	0	0	0	0
1137456000	97.08	2.92	0	0	0	0
1138060800	97.08	2.92	0	0	0	0
1138665600	97.08	2.92	0	0	0	0
1139270400	86.68	13.32	0	0	0	0
1139875200	86.59	13.41	0	0	0	0
1140480000	84.21	15.79	0	0	0	0
1141084800	75.86	24.14	0.48	0	0	0
1141689600	78.18	21.82	0.52	0	0	0
1142294400	83.59	16.41	0.52	0	0	0
1142899200	83.59	16.41	0.55	0	0	0
1143504000	91.62	8.38	0.55	0	0	0
1144108800	92.47	7.53	0.16	0	0	0
1144713600	92.92	7.08	0.16	0	0	0
1145318400	92.92	7.08	0.16	0	0	0
1145923200	92.92	7.08	0.16	0	0	0
1146528000	92.36	7.64	0.01	0	0	0
1147132800	92.36	7.64	0	0	0	0
1147737600	92.36	7.64	0.07	0	0	0
1148342400	92.36	7.64	0.07	0	0	0
1148947200	92.46	7.54	0.07	0	0	0
1149552000	92.46	7.54	0.07	0	0	0
1150156800	92.46	7.54	0.07	0	0	0
1150761600	92.46	7.54	0.07	0	0	0
1151366400	91.76	8.24	0.07	0	0	0
1151971200	91.7	8.3	0.07	0	0	0
1152576000	92	8	0.12	0	0	0
1153180800	92.27	7.73	0.12	0	0	0
1153785600	92.27	7.73	0.12	0	0	0
1154390400	92.27	7.73	0.12	0	0	0
1154995200	92.27	7.73	0.12	0	0	0
1155600000	92.27	7.73	0.16	0	0	0
1156204800	93.03	6.97	0.06	0	0	0
1156809600	93.23	6.77	0.05	0	0	0
1157414400	84.79	15.21	2.62	0.13	0	0
1158019200	84.97	15.03	2.62	0.13	0	0
1158624000	84.97	15.03	0.82	0	0	0
1159228800	84.97	15.03	0.82	0	0	0
1159833600	85.15	14.85	0.82	0	0	0
1160438400	85.15	14.85	0.82	0	0	0
1161043200	84.57	15.43	0.82	0	0	0
1161648000	84.57	15.43	0.82	0	0	0
1162252800	84.57	15.43	0.82	0	0	0
1162857600	84.57	15.43	0.82	0	0	0
1163462400	84.57	15.43	0.82	0	0	0
1164067200	77.64	22.36	0.82	0	0	0
1164672000	77.72	22.28	0.82	0	0	0
1165276800	44.03	55.97	0.79	0	0	0
1165881600	49.79	50.21	0.79	0	0	0
1166486400	40.35	59.65	11.64	0	0	0
1167091200	40.35	59.65	11.64	0	0	0
1167696000	40.73	59.27	26.77	0	0	0
1168300800	34.97	65.03	27.15	2.62	0	0
1168905600	34.97	65.03	27.15	2.62	0	0
1169510400	10.72	89.28	46.97	17.72	0	0
1170115200	9.82	90.18	61.27	22.87	0	0
1170720000	9.64	90.36	61.27	24.23	0	0
1171324800	24.95	75.05	54.44	29.73	0	0
1171929600	15.18	84.82	59.19	29.64	0	0
1172534400	25.41	74.59	54.02	28.8	0	0
1173139200	25.41	74.59	54.02	28.8	0	0
1173744000	25.41	74.59	59.37	32.59	21.23	0
1174348800	25.44	74.56	59.6	32.59	21.23	0
1174953600	19.95	80.05	60.74	33.69	21.32	0
1175558400	8.52	91.48	63.02	33.01	21.32	0
1176163200	5.3	94.7	82.27	38.57	21.32	0
1176768000	3.77	96.23	87.3	56.13	28.65	0
1177372800	7.75	92.25	82.43	51.64	28.65	0
1177977600	7.51	92.49	82.35	51.64	28.65	0
1178582400	7.51	92.49	82.35	51.64	28.65	0
1179187200	3.31	96.69	89.76	60.45	28.65	0
1179792000	3.31	96.69	92.06	65.34	34.39	0
1180396800	3.31	96.69	92.32	65.34	34.4	0
1181001600	3.31	96.69	92.32	65.34	34.4	0
1181606400	3.31	96.69	92.32	65.34	34.4	0
1182211200	0	100	92.32	65.34	34.31	0
1182816000	0	100	92.32	65.34	34.31	0
1183420800	0	100	92.32	65.34	35.14	0
1184025600	0	100	92.32	65.34	35.15	0
1184630400	0	100	92.32	65.34	35.15	0
1185235200	0	100	92.32	65.34	35.15	0
1185840000	0	100	92.32	65.34	35.15	0
1186444800	0	100	92.32	65.34	35.15	0
1187049600	0	100	92.32	65.34	35.23	0
1187654400	0	100	92.32	65.34	35.23	0
1188259200	0	100	92.56	65.34	35.21	0
1188864000	0	100	92.56	65.34	35.22	0
1189468800	0	100	92.56	65.34	35.22	0
1190073600	0	100	92.56	65.34	35.23	0
1190678400	0	100	92.56	64.62	33.76	0
1191283200	0	100	92.56	64.62	33.76	0
1191888000	0.1	99.9	92.56	64.62	33.75	0
1192492800	1.17	98.83	92.56	64.62	33.76	0
1193097600	5.61	94.39	86.09	64.62	33.74	0
1193702400	8.87	91.13	84.83	58.3	33.68	0
1194307200	8.87	91.13	84.83	58.3	33.69	0
1194912000	8.87	91.13	84.83	58.02	33.67	0
1195516800	8.87	91.13	84.83	58.02	33.68	0
1196121600	8.87	91.13	84.83	58.02	33.68	0
1196726400	8.87	91.13	84.83	58.04	14.53	0
1197331200	8.87	91.13	84.83	58.04	14.55	0
1197936000	8.87	91.13	84.7	58.04	14.54	0
1198540800	8.87	91.13	84.7	58.04	14.54	0
1199145600	8.87	91.13	84.7	58.04	14.55	0
1199750400	11.36	88.64	79.77	31.56	0	0
1200355200	11.36	88.64	79.77	32.8	0	0
1200960000	11.36	88.64	79.85	32.8	0	0
1201564800	18.23	81.77	41.6	14.83	0	0
1202169600	18.23	81.77	36.63	14.06	0	0
1202774400	18.27	81.73	37.37	14.06	0	0
1203379200	18.27	81.73	37.46	14.06	0	0
1203984000	44.52	55.48	34.28	13.33	0	0
1204588800	44.52	55.48	34.28	13.33	0	0
1205193600	44.52	55.48	34.28	13.33	0	0
1205798400	44.52	55.48	34.28	13.33	0	0
1206403200	44.52	55.48	30.08	3.88	0	0
1207008000	44.52	55.48	31.58	3.83	0	0
1207612800	36.77	63.23	39.61	5.45	0	0
1208217600	24.58	75.42	39.61	5.45	0	0
1208822400	24.58	75.42	39.61	5.45	0	0
1209427200	7.29	92.71	45.66	9.26	0	0
1210032000	7.73	92.27	48.43	9.26	0	0
1210636800	7.75	92.25	48.43	9.26	0	0
1211241600	7.75	92.25	48.43	9.26	0	0
1211846400	8.91	91.09	47.51	9.26	0	0
1212451200	4.78	95.22	63.74	9.26	0	0
1213056000	4.69	95.31	63.74	9.26	0	0
1213660800	0.17	99.83	89.2	18.07	0	0
1214265600	0.14	99.86	89.2	18.07	0	0
1214870400	0.14	99.86	89.2	18.07	0	0
1215475200	0.14	99.86	89.2	18.07	0	0
1216080000	0.06	99.94	89.2	18.07	0	0
1216684800	0.12	99.88	88.88	16.57	0	0
1217289600	0.06	99.94	88.88	38.7	0	0
1217894400	0.06	99.94	88.88	38.7	0	0
1218499200	0.04	99.96	88.88	38.7	0	0
1219104000	0.04	99.96	96.88	41.38	0	0
1219708800	0.04	99.96	97.69	43.07	0	0
1220313600	0.04	99.96	98.43	44.47	0	0
1220918400	0.04	99.96	95.9	48.77	0	0
1221523200	0.04	99.96	95.9	48.77	0	0
1222128000	0.04	99.96	95.9	55.23	2.05	0
1222732800	0.04	99.96	95.9	55.23	2.05	0
1223337600	0.04	99.96	95.9	55	0	0
1223942400	0.05	99.95	95.81	55.11	0	0
1224547200	0	100	93.48	55.62	0	0
1225152000	0	100	93.55	55.56	0	0
1225756800	0	100	90.51	40.37	0	0
1226361600	4.71	95.29	86.02	41.34	0	0
1226966400	4.71	95.29	86.02	41.34	0	0
1227571200	4.71	95.29	86.02	41.34	0	0
1228176000	0	100	86.02	41.34	0	0
1228780800	0	100	87.41	49.19	3.21	0
1229385600	0	100	93.97	50.72	5.83	0
1229990400	0.07	99.93	88.79	43.02	2.77	0
1230595200	1.69	98.31	88.21	43.02	2.77	0
1231200000	1.71	98.29	88.21	41.26	2.77	0
1231804800	1.71	98.29	88.21	44.08	2.77	0
1232409600	1.71	98.29	88.21	48.9	12.97	0
1233014400	1.23	98.77	88.21	48.9	15.94	0
1233619200	0.77	99.23	89.43	54.7	19.01	0
1234224000	0.9	99.1	78.76	54.7	19	0
1234828800	5.15	94.85	70.73	50.06	16.7	0
1235433600	5.15	94.85	70.73	49.69	14.78	0
1236038400	5.15	94.85	70.73	41.84	4.37	0
1236643200	5.15	94.85	62.32	22.5	0	0
1237248000	5.15	94.85	63.83	22.5	0	0
1237852800	5.15	94.85	63.83	22.53	0	0
1238457600	5.15	94.85	63.83	22.53	0	0
1239062400	5.15	94.85	62.69	35.49	0	0
1239667200	5.15	94.85	62.69	35.49	0	0
1240272000	3.65	96.35	73	38.81	0	0
1240876800	3.65	96.35	73	38.81	0	0
1241481600	3.65	96.35	72.11	35.29	0	0
1242086400	3.65	96.35	72.11	35.29	0	0
1242691200	3.62	96.38	72.11	35.29	0	0
1243296000	3.62	96.38	72.11	35.29	0	0
1243900800	2.72	97.28	72.32	44.25	0	0
1244505600	2.72	97.28	72	44.26	0	0
1245110400	2.81	97.19	72.01	44.26	0	0
1245715200	2.86	97.14	72.01	44.26	0	0
1246320000	2.86	97.14	72.01	44.26	0	0
1246924800	2.47	97.53	72.86	44.26	0	0
1247529600	2.47	97.53	72.86	44.26	0	0
1248134400	2.47	97.53	72.86	44.26	0	0
1248739200	2.47	97.53	72.86	44.26	0	0
1249344000	0.78	99.22	72.86	44.26	0	0
1249948800	0.8	99.2	72.86	42.8	0	0
1250553600	0.02	99.98	72.86	42.8	0	0
1251158400	0.02	99.98	72.86	42.8	0	0
1251763200	0	100	73.44	45.82	0	0
1252368000	0	100	73.44	45.82	0	0
1252972800	0	100	73.44	45.82	0	0
1253577600	0	100	73.44	45.82	0	0
1254182400	0	100	73.44	45.82	0	0
1254787200	0	100	73.44	45.82	0	0
1255392000	0	100	73.44	45.82	0	0
1255996800	10.59	89.41	61.23	17.7	0	0
1256601600	9.09	90.91	62.51	17.7	0	0
1257206400	7.59	92.41	77.35	17.7	0	0
1257811200	7.59	92.41	77.32	17.7	0	0
1258416000	7.59	92.41	77.32	17.7	0	0
1259020800	8.4	91.6	73.62	17.26	0	0
1259625600	7.72	92.28	74.05	17.26	0	0
1260230400	7.72	92.28	74.05	17.26	0	0
1260835200	6.56	93.44	72.16	9.24	0	0
1261440000	6.56	93.44	72.16	9.24	0	0
1262044800	6.56	93.44	72.16	9.24	0	0
1262649600	6.56	93.44	72.75	9.04	0	0
1263254400	6.56	93.44	72.94	21.22	0	0
1263859200	7.94	92.06	63.2	13.98	0	0
1264464000	42.61	57.39	19.41	2.19	0	0
1265068800	43.19	56.81	18.75	2.19	0	0
1265673600	44.32	55.68	10.98	2.19	0	0
1266278400	64.05	35.95	10.98	4.28	0	0
1266883200	64.59	35.41	10.72	4.28	0	0
1267488000	64.59	35.41	10.72	4.28	0	0
1268092800	66.67	33.33	10.91	5.88	0	0
1268697600	66.08	33.92	10.14	6.75	0	0
1269302400	64.29	35.71	9.91	7.1	0	0
1269907200	63.24	36.76	9.91	7.1	0	0
1270512000	63.21	36.79	9.89	7.1	0	0
1271116800	67.76	32.24	9.89	7.1	0	0
1271721600	67.61	32.39	9.89	7.1	0	0
1272326400	72.82	27.18	9.89	7.1	0	0
1272931200	72.82	27.18	9.89	7.1	0	0
1273536000	72.69	27.31	9.13	7.09	0	0
1274140800	81.3	18.7	8.58	6.96	0	0
1274745600	87.02	12.98	8.08	5.97	0	0
1275350400	87.02	12.98	8.08	5.97	0	0
1275955200	87.97	12.03	8.08	5.97	0	0
1276560000	87.97	12.03	8.08	0.24	0	0
1277164800	87.97	12.03	8.08	0.24	0	0
1277769600	87.97	12.03	8.08	0.24	0	0
1278374400	87.97	12.03	8.08	0.24	0	0
1278979200	87.97	12.03	8.08	0.24	0	0
1279584000	87.79	12.21	8.08	0.24	0	0
1280188800	87.46	12.54	8.08	0.24	0	0
1280793600	85.44	14.56	8.08	0.24	0	0
1281398400	85.44	14.56	8.08	0.24	0	0
1282003200	85.44	14.56	8.08	0.24	0	0
1282608000	85.44	14.56	8.08	0.24	0	0
1283212800	85.44	14.56	8.08	0.24	0	0
1283817600	85.44	14.56	8.08	0.24	0	0
1284422400	85.44	14.56	8.08	0.24	0	0
1285027200	85.44	14.56	8.08	0.24	0	0
1285632000	85.44	14.56	8.08	0.24	0	0
1286236800	85.44	14.56	8.08	0.24	0	0
1286841600	88.08	11.92	6.07	0.24	0	0
1287446400	88.08	11.92	6.07	0.24	0	0
1288051200	90.14	9.86	4.62	0.19	0	0
1288656000	90.14	9.86	4.62	0.19	0	0
1289260800	90.14	9.86	4.62	0.19	0	0
1289865600	90.14	9.86	4.62	0.19	0	0
1290470400	90.14	9.86	2.41	0	0	0
1291075200	81.67	18.33	2.41	0	0	0
1291680000	78.93	21.07	2.14	0	0	0
1292284800	79.56	20.44	1.25	0	0	0
1292889600	94.86	5.14	0	0	0	0
1293494400	98.62	1.38	0	0	0	0
1294099200	98.62	1.38	0	0	0	0
1294704000	99.93	0.07	0	0	0	0
1295308800	99.94	0.06	0	0	0	0
1295913600	99.94	0.06	0	0	0	0
1296518400	99.94	0.06	0	0	0	0
1297123200	77.34	22.66	0	0	0	0
1297728000	77.34	22.66	0	0	0	0
1298332800	99.94	0.06	0	0	0	0
1298937600	99.94	0.06	0	0	0	0
1299542400	94.2	5.8	0	0	0	0
1300147200	94.2	5.8	0	0	0	0
1300752000	96.87	3.13	0	0	0	0
1301356800	99.94	0.06	0	0	0	0
1301961600	99.99	0.01	0	0	0	0
1302566400	99.99	0.01	0	0	0	0
1303171200	99.99	0.01	0	0	0	0
1303776000	99.99	0.01	0	0	0	0
1304380800	99.99	0.01	0	0	0	0
1304985600	99.99	0.01	0	0	0	0
1305590400	99.99	0.01	0	0	0	0
1306195200	99.99	0.01	0	0	0	0
1306800000	99.99	0.01	0	0	0	0
1307404800	99.99	0.01	0	0	0	0
1308009600	99.99	0.01	0	0	0	0
1308614400	99.99	0.01	0	0	0	0
1309219200	87.71	12.29	0	0	0	0
1309824000	87.71	12.29	0	0	0	0
1310428800	87.87	12.13	0	0	0	0
1311033600	85.34	14.66	0	0	0	0
1311638400	85.34	14.66	0	0	0	0
1312243200	85.34	14.66	0	0	0	0
1312848000	85.34	14.66	0	0	0	0
1313452800	92.12	7.88	0	0	0	0
1314057600	92.12	7.88	0	0	0	0
1314662400	92.14	7.86	0	0	0	0
1315267200	87.55	12.45	0	0	0	0
1315872000	87.36	12.64	0	0	0	0
1316476800	89.14	10.86	0	0	0	0
1317081600	89.14	10.86	0	0	0	0
1317686400	89.25	10.75	0	0	0	0
1318291200	89.25	10.75	0	0	0	0
1318896000	89.25	10.75	0	0	0	0
1319500800	89.25	10.75	0	0	0	0
1320105600	89.22	10.78	0	0	0	0
1320710400	88.51	11.49	0	0	0	0
1321315200	88.42	11.58	0	0	0	0
1321920000	88.42	11.58	0	0	0	0
1322524800	88.32	11.68	0	0	0	0
1323129600	82.53	17.47	0	0	0	0
1323734400	74.32	25.68	0	0	0	0
1324339200	71.58	28.42	0	0	0	0
1324944000	33.91	66.09	5.41	0	0	0
1325548800	29.91	70.09	46.34	0	0	0
1326153600	19.1	80.9	46.34	3.1	0	0
1326758400	18.74	81.26	46.34	3.1	0	0
1327363200	19.12	80.88	41.23	0	0	0
1327968000	11.09	88.91	57.33	0	0	0
1328572800	10.37	89.63	59.06	0	0	0
1329177600	10.37	89.63	59.06	0	0	0
1329782400	4.77	95.23	67.76	5.06	0	0
1330387200	4.39	95.61	72.09	16.02	0	0
1330992000	4.39	95.61	75.24	16.02	0	0
1331596800	0.11	99.89	90.14	45.73	0	0
1332201600	2.22	97.78	89.61	40.14	0	0
1332806400	2.22	97.78	89.61	46.25	0	0
1333411200	3.54	96.46	82.01	46.25	0	0
1334016000	4.89	95.11	81.47	49	0	0
1334620800	15.84	84.16	60.23	26.35	0	0
1335225600	15.84	84.16	60.23	22.87	0	0
1335830400	15.84	84.16	58.97	21.14	0	0
1336435200	15.89	84.11	58.89	21.14	0	0
1337040000	15.89	84.11	58.89	22.6	0	0
1337644800	15.89	84.11	58.89	22.6	0	0
1338249600	15.89	84.11	58.89	22.6	0	0
1338854400	15.89	84.11	58.89	22.6	0	0
1339459200	15.89	84.11	58.89	22.6	0	0
1340064000	15.89	84.11	59.51	22.6	0	0
1340668800	15.89	84.11	59.51	22.76	0	0
1341273600	15.88	84.12	59.77	22.92	0	0
1341878400	15.88	84.12	59.74	22.92	0	0
1342483200	15.88	84.12	59.74	22.92	0	0
1343088000	11.64	88.36	63.8	26.85	0.29	0
1343692800	11.64	88.36	63.8	23.6	0.29	0
1344297600	11.64	88.36	63.8	23.31	0.29	0
1344902400	11.3	88.7	63.84	23.31	0.29	0
1345507200	11.3	88.7	69.2	23.3	0.29	0
1346112000	11.74	88.26	69.44	23.05	1.14	0
1346716800	11.74	88.26	69.28	22.76	1.14	0
1347321600	11.74	88.26	69.13	22.31	1.14	0
1347926400	11.95	88.05	69.09	22.27	1.14	0
1348531200	11.95	88.05	69.41	22.27	1.14	0
1349136000	11.94	88.06	69.41	21.98	1.14	0
1349740800	6.64	93.36	69.57	21.98	1.14	0
1350345600	6.64	93.36	68.48	19.1	1.14	0
1350950400	6.75	93.25	68.48	19.1	1.14	0
1351555200	6.73	93.27	68.48	19.1	1.14	0
1352160000	7.19	92.81	67.75	19.1	1.14	0
1352764800	7.19	92.81	66.37	19.1	1.14	0
1353369600	4.82	95.18	67.67	21.61	1.14	0
1353974400	6.77	93.23	70.47	28.16	1.14	0
1354579200	23.15	76.85	59.36	26.59	0.05	0
1355184000	30.94	69.06	57.94	26.59	0.05	0
1355788800	30.94	69.06	56.19	26.15	0.05	0
1356393600	30.94	69.06	56.19	25.22	0.05	0
1356998400	31.75	68.25	55.32	22.5	0	0
1357603200	32.42	67.58	55.02	21.37	0	0
1358208000	34.2	65.8	53.58	21.57	0	0
1358812800	34.2	65.8	53.58	21.57	0	0
1359417600	34.2	65.8	47.18	21.57	0	0
1360022400	34.2	65.8	47.18	21.57	0	0
1360627200	34.53	65.47	47.18	23.72	0	0
1361232000	15.45	84.55	47.18	23.72	0	0
1361836800	0.02	99.98	47.13	26.96	0	0
1362441600	0.03	99.97	47.37	26.96	0	0
1363046400	15.63	84.37	46.23	24.19	0	0
1363651200	12.85	87.15	48.38	24.19	0	0
1364256000	0	100	48.38	24.22	0	0
1364860800	0	100	48.38	24.22	0	0
1365465600	2.84	97.16	48.39	23.22	0	0
1366070400	2.84	97.16	48.39	23.22	0	0
1366675200	2.84	97.16	63.42	30	0	0
1367280000	0	100	64.3	32.82	0	0
1367884800	0	100	98.16	46.25	0	0
1368489600	0	100	98.16	46.25	0	0
1369094400	0	100	98.16	46.25	0	0
1369699200	0	100	98.16	46.25	0	0
1370304000	0	100	98.16	53.64	0	0
1370908800	0	100	98.16	53.54	0	0
1371513600	0	100	98.21	67.07	0	0
1372118400	0	100	98.21	92.61	0	0
1372723200	0	100	98.23	92.7	0	0
1373328000	0	100	98.23	92.7	0	0
1373932800	0	100	98.23	93.96	0	0
1374537600	0	100	98.23	93.96	0	0
1375142400	0	100	98.23	93.86	0	0
1375747200	0	100	98.23	93.86	0	0
1376352000	0	100	98.23	93.86	11.36	0
1376956800	0	100	98.23	93.86	11.36	0
1377561600	0	100	98.23	93.86	11.36	0
1378166400	0	100	97.08	92.94	11.36	0
1378771200	0	100	97.08	92.94	11.36	0
1379376000	2.63	97.37	96.04	89.84	11.36	0
1379980800	2.63	97.37	96.04	89.84	11.36	0
1380585600	2.63	97.37	95.95	84.12	11.36	0
1381190400	2.52	97.48	95.95	84.12	11.36	0
1381795200	2.65	97.35	95.95	84.12	11.36	0
1382400000	2.66	97.34	95.98	84.12	11.36	0
1383004800	2.66	97.34	95.98	84.12	11.36	0
1383609600	2.62	97.38	95.98	84.12	11.36	0
1384214400	2.61	97.39	96	84.12	11.36	0
1384819200	2.61	97.39	96	84.12	27.59	0
1385424000	2.61	97.39	94.15	82.53	27.59	0
1386028800	2.61	97.39	94.15	82.53	27.59	0
1386633600	2.61	97.39	94.15	82.53	27.59	0
1387238400	2.61	97.39	94.25	82.53	27.59	0
1387843200	2.61	97.39	94.25	84.88	27.59	0
1388448000	2.61	97.39	94.25	87.53	27.59	0
1389052800	1.43	98.57	94.25	87.53	27.59	0
1389657600	1.43	98.57	94.18	89.91	62.71	0
1390262400	1.43	98.57	94.18	89.91	62.71	0
1390867200	1.43	98.57	94.18	89.91	67.13	8.77
1391472000	1.43	98.57	94.18	89.91	67.13	9.81
1392076800	1.43	98.57	94.54	91.59	60.94	9.81
1392681600	0	100	94.54	90.82	68.3	14.62
1393286400	0	100	94.56	90.82	73.83	26.21
1393891200	0	100	94.56	90.82	65.89	22.37
1394496000	0.01	99.99	94.56	90.81	65.89	22.37
1395100800	0.01	99.99	99.8	93.08	71.78	22.37
1395705600	0	100	99.8	95.21	71.78	23.42
1396310400	0	100	99.81	95.21	68.76	23.49
1396915200	0	100	99.81	95.21	68.76	23.49
1397520000	0	100	99.8	95.21	68.76	23.49
1398124800	0	100	100	96.01	76.68	24.77
1398729600	0	100	100	96.01	76.68	24.77
1399334400	0	100	100	95.93	76.68	24.77
1399939200	0	100	100	100	76.68	24.77
1400544000	0	100	100	100	76.68	24.77
1401148800	0	100	100	100	76.68	24.77
1401753600	0	100	100	100	76.68	24.77
1402358400	0	100	100	100	76.68	24.77
1402963200	0	100	100	100	76.69	32.98
1403568000	0	100	100	100	76.69	32.98
1404172800	0	100	100	100	78.97	36.46
1404777600	0	100	100	100	78.97	36.46
1405382400	0	100	100	100	81.85	36.49
1405987200	0	100	100	100	81.89	36.49
1406592000	0	100	100	100	81.89	58.41
1407196800	0	100	100	99.8	81.92	58.41
1407801600	0	100	100	99.8	81.92	58.41
1408406400	0	100	100	97.59	81.92	58.41
1409011200	0	100	100	95.42	81.92	58.41
