geoid	pop	white	black	amerind	asian	hawaiian	other	two	hispanic	povrate	income	noed	high	associates	bachelors	masters	prof	phd
110010001001	1240	1189	0	0	35	0	16	0	103	0.066935484	109147	0	0.1495228	0.015906681	0.288441145	0.191940615	0.239660657	0.114528102
110010001002	1436	1266	63	0	55	0	27	25	32	0.048050139	90894	0	0.084622384	0.026387625	0.24021838	0.340309372	0.20655141	0.101910828
110010001003	1261	1108	0	86	67	0	0	0	48	0.057097542	121897	0	0.026205451	0	0.272536688	0.296645702	0.320754717	0.083857442
110010001004	1062	989	0	0	73	0	0	0	98	0	127450	0	0.076416337	0.021080369	0.28458498	0.276679842	0.177865613	0.163372859
110010002011	3909	2924	347	0	474	0	7	157	154	1	1657	0	0.557692308	0	0.173076923	0	0.269230769	0
110010002021	1332	1124	39	0	132	0	25	12	95	0.1996997	89397	0.044303797	0.039240506	0.010126582	0.264556962	0.306329114	0.196202532	0.139240506
110010002022	760	749	0	0	0	0	0	11	0	0.017105263	131436	0	0.047297297	0.02027027	0.337837838	0.39527027	0.101351351	0.097972973
110010002023	1004	924	33	0	5	0	0	42	34	0.277777778	64138	0.020376176	0.128526646	0	0.437304075	0.225705329	0.141065831	0.047021944
110010002024	1770	1469	101	12	121	0	0	67	90	0.240300375	51437	0	0.015600624	0	0.36349454	0.355694228	0.223088924	0.042121685
110010003001	1267	1195	0	12	36	0	24	0	69	0.117600631	68359	0	0.057279236	0.019093079	0.261336516	0.366348449	0.182577566	0.113365155
110010003002	1426	1128	20	11	110	0	37	120	240	0.091865358	51844	0.125998225	0.148181012	0.026619343	0.22715173	0.321206744	0.078083407	0.072759539
110010003003	1461	1226	57	0	163	0	0	15	134	0.162902122	77819	0.014659686	0.27434555	0.043979058	0.190575916	0.254450262	0.096335079	0.12565445
110010003004	1755	1651	0	43	32	20	0	9	54	0.143589744	65338	0	0.025919732	0	0.447324415	0.285117057	0.214882943	0.026755853
110010004001	661	569	35	0	52	0	0	5	33	0.093797277	137721	0.059160305	0.116412214	0.013358779	0.188931298	0.187022901	0.236641221	0.198473282
110010004002	846	705	50	0	59	0	0	32	142	0.072115385	110870	0.036337209	0.165697674	0.030523256	0.219476744	0.290697674	0.181686047	0.075581395
110010005011	1995	1617	115	52	133	0	0	78	248	0.123607427	64555	0.025955299	0.035328046	0	0.387887527	0.204037491	0.234318673	0.112472963
110010005012	1362	1103	18	97	77	0	0	67	82	0.069750367	98838	0	0.207875458	0	0.296703297	0.315934066	0.127289377	0.052197802
110010005021	1739	1560	28	0	91	0	31	29	209	0.025876941	94806	0.046805349	0.109212481	0.005943536	0.214710253	0.323179792	0.213224368	0.08692422
110010005022	1291	1061	77	0	63	0	18	72	87	0.078233927	86034	0.018134715	0.105354059	0.025906736	0.283246978	0.291882556	0.190846287	0.08462867
110010006001	1022	851	67	0	0	0	41	63	159	0.10665362	110371	0.023498695	0.03002611	0.022193211	0.237597911	0.219321149	0.325065274	0.14229765
110010006002	1009	825	15	0	169	0	0	0	39	0.115956392	83640	0.016968326	0.095022624	0	0.299773756	0.309954751	0.179864253	0.09841629
110010006003	828	740	54	0	34	0	0	0	67	0.140506329	130333	0.095238095	0	0.020408163	0.260204082	0.379251701	0.079931973	0.164965986
110010006004	1620	1340	159	0	61	7	3	50	162	0.089248067	90233	0.020984081	0.157018813	0.015918958	0.343704776	0.209117221	0.155571635	0.097684515
110010007011	1137	763	37	0	209	0	0	128	100	0.063324538	48077	0.089098532	0.046121593	0.029350105	0.396226415	0.306079665	0.111111111	0.022012579
110010007012	1592	1347	44	0	69	0	0	132	34	0.072236181	55834	0.03202329	0.116448326	0.024745269	0.370451237	0.295487627	0.11062591	0.050218341
110010007013	1311	1242	39	0	30	0	0	0	80	0.021357742	101307	0	0.125771605	0.010030864	0.438271605	0.280864198	0.061728395	0.083333333
110010007014	875	611	1	0	263	0	0	0	19	0.022857143	70728	0.111424542	0.149506347	0.001410437	0.184767278	0.414668547	0.090267983	0.047954866
110010007021	1305	1202	27	23	38	0	0	15	13	0.055938697	54421	0.016483516	0.110805861	0.024725275	0.409340659	0.306776557	0.075091575	0.056776557
110010007022	892	724	119	0	36	0	0	13	133	0.165919283	38399	0	0.142503098	0	0.48574969	0.302354399	0	0.069392813
110010007023	1089	801	19	0	44	0	210	15	315	0.016528926	65057	0	0.155053974	0.110893032	0.3218842	0.343473994	0.049067713	0.019627085
110010008011	2095	1516	173	0	130	0	87	189	205	0.17326969	65488	0.042424242	0.0996633	0.027609428	0.336700337	0.259259259	0.15016835	0.084175084
110010008012	817	817	0	0	0	0	0	0	41	0.013463892	220398	0	0.157807309	0	0.212624585	0.289036545	0.121262458	0.219269103
110010008013	2429	2064	210	0	0	0	69	86	301	0.151090984	119373	0.088875809	0.087698646	0.008240141	0.362566215	0.200117716	0.191877575	0.060623896
110010008014	1176	943	19	0	140	0	0	74	49	0.05915493	42607	0.02672956	0.121069182	0	0.347484277	0.224842767	0.152515723	0.127358491
110010008021	1571	1282	145	0	34	0	0	110	92	0.062380649	97254	0	0.074529075	0.052416052	0.357084357	0.234234234	0.171171171	0.110565111
110010008022	1082	949	0	0	109	0	10	14	123	0.251386322	77730	0.018055556	0.055555556	0.009722222	0.341666667	0.290277778	0.186111111	0.098611111
110010009011	1399	1198	26	0	41	0	24	110	170	0.04431737	96401	0.010912698	0.120039683	0.009920635	0.287698413	0.295634921	0.180555556	0.095238095
110010009012	1476	1275	88	0	78	0	17	18	83	0.053523035	155987	0.015510949	0.099452555	0.031934307	0.289233577	0.263686131	0.251824818	0.048357664
110010009013	4685	3878	536	5	168	0	40	58	471	0.256124722	29278	0.01827957	0.140860215	0.013978495	0.359139785	0.210752688	0.169892473	0.087096774
110010009021	692	644	8	0	19	0	10	11	161	0.060693642	111655	0.001937984	0.073643411	0.009689922	0.333333333	0.263565891	0.248062016	0.069767442
110010009022	1442	1305	35	0	53	0	19	30	85	0.019417476	96318	0.010183299	0.127291242	0.063136456	0.282077393	0.271894094	0.199592668	0.045824847
110010010011	698	463	16	0	75	0	0	144	80	0.054441261	57057	0	0.180873181	0	0.264033264	0.232848233	0.201663202	0.120582121
110010010012	2018	1739	33	0	104	0	0	142	106	0.053518335	62926	0.019267823	0.159922929	0.022479127	0.289017341	0.25433526	0.159280668	0.095696853
110010010013	1016	926	0	0	0	0	0	90	60	0.01476378	91938	0	0.023121387	0	0.145953757	0.523121387	0.268786127	0.039017341
110010010014	2130	1868	73	0	129	0	5	55	124	0.033145716	61550	0.022648084	0.078397213	0.011324042	0.304006969	0.25174216	0.278745645	0.053135889
110010010015	955	799	0	0	31	0	0	125	0	0.148691099	50085	0	0.076923077	0	0.353430353	0.305613306	0.045738046	0.218295218
110010010016	1257	1066	14	0	79	0	0	98	143	0.027844073	79341	0	0.052451539	0	0.353477765	0.248574686	0.104903079	0.24059293
110010010021	1280	1003	33	0	225	0	0	19	23	0.59375	25646	0.038990826	0.135321101	0	0.155963303	0.518348624	0.03440367	0.116972477
110010010022	1229	935	161	0	115	0	0	18	75	0.083807974	71728	0.073271414	0.10629515	0	0.222910217	0.481940144	0.084623323	0.030959752
110010010023	790	722	19	0	19	0	0	30	147	0.024111675	65767	0.026548673	0.255162242	0.017699115	0.286135693	0.194690265	0.178466077	0.041297935
110010011001	1813	1451	184	0	131	0	0	47	181	0.034949267	81955	0.038147139	0.09400545	0.051089918	0.389645777	0.173705722	0.166212534	0.08719346
110010011002	1260	994	171	0	27	0	0	68	32	0.053435115	92913	0.043604651	0.147286822	0.007751938	0.234496124	0.293604651	0.21124031	0.062015504
110010011003	678	645	22	0	11	0	0	0	57	0.088495575	78684	0	0.037470726	0.035128806	0.330210773	0.2529274	0.262295082	0.081967213
110010011004	592	519	17	0	29	0	0	27	2	0.032094595	98683	0.002557545	0.071611253	0	0.25831202	0.232736573	0.268542199	0.166240409
110010012001	1936	1428	168	0	166	0	57	117	100	0.042871901	71505	0	0.105874758	0	0.339573919	0.16655907	0.263395739	0.124596514
110010012002	1082	892	45	0	104	0	41	0	91	0.135859519	63698	0.082681564	0.064804469	0	0.425698324	0.144134078	0.090502793	0.192178771
110010012003	678	598	0	0	80	0	0	0	7	0.010324484	92423	0.030050083	0.110183639	0	0.497495826	0.188647746	0.100166945	0.07345576
110010012004	1289	1216	13	0	34	0	26	0	171	0.078355314	82441	0.035	0.213	0	0.299	0.194	0.153	0.106
110010013011	1661	1326	138	0	113	0	0	84	50	0.085490668	85261	0	0.031394275	0.031394275	0.300092336	0.314866113	0.271468144	0.050784857
110010013012	579	418	55	0	30	0	0	76	0	0.01384083	140895	0	0.075514874	0	0.167048055	0.384439359	0.372997712	0
110010013013	1920	1648	122	0	108	0	42	0	211	0.110442865	78302	0.032338308	0.036691542	0	0.271144279	0.292288557	0.268034826	0.099502488
110010013021	2446	2054	155	0	153	0	27	57	414	0.114881439	72766	0	0.12432675	0.025583483	0.245960503	0.401256732	0.145421903	0.057450628
110010013022	4311	3561	249	0	195	0	72	234	428	0.051728137	78131	0	0.08319739	0.017672648	0.370309951	0.281674823	0.168841762	0.078303426
110010013023	939	671	51	0	96	0	16	105	38	0.195953142	79123	0	0.083204931	0	0.223420647	0.382126348	0.237288136	0.073959938
110010014011	2168	1723	210	0	84	0	129	22	211	0.160516605	70546	0.018915511	0.105296343	0.025851198	0.361916772	0.236443884	0.183480454	0.068095839
110010014012	1177	1137	1	0	15	0	16	8	25	0.007646559	95534	0	0.055487053	0	0.23674476	0.320591862	0.266337855	0.120838471
110010014021	857	686	75	0	17	0	0	79	25	0	116819	0	0.058139535	0.013289037	0.328903654	0.245847176	0.305647841	0.048172757
110010014022	699	562	116	0	6	0	0	15	5	0.051094891	109858	0.066037736	0.132075472	0.032075472	0.19245283	0.386792453	0.122641509	0.067924528
110010014023	1358	918	255	27	86	0	32	40	194	0.160530191	71297	0.166666667	0.114583333	0.006628788	0.396780303	0.172348485	0.102272727	0.040719697
110010015001	1749	1014	602	0	47	0	0	86	122	0	72224	0.022022838	0.120717781	0.037520392	0.38091354	0.165579119	0.193311582	0.079934747
110010015002	872	805	0	0	0	0	0	67	46	0.037844037	80107	0	0.092833876	0.037459283	0.267100977	0.338762215	0.206840391	0.057003257
110010015003	815	668	124	0	23	0	0	0	0	0.027820711	108006	0.065967016	0.181409295	0.020989505	0.23988006	0.269865067	0.221889055	0
110010015004	1748	1506	189	0	39	0	0	14	10	0.058352403	77983	0.008979592	0.068571429	0.017142857	0.256326531	0.278367347	0.284081633	0.086530612
110010015005	975	896	0	0	14	0	13	52	41	0.033846154	88292	0	0.111480865	0.019966722	0.277870216	0.249584027	0.236272879	0.104825291
110010016001	1097	264	769	11	10	0	0	43	25	0.066972477	65508	0.002375297	0.140142518	0.041567696	0.250593824	0.311163895	0.190023753	0.064133017
110010016002	591	125	386	0	0	0	3	77	3	0.054982818	57165	0.058441558	0.218614719	0.071428571	0.261904762	0.281385281	0.041125541	0.067099567
110010016003	568	91	476	0	0	0	0	1	2	0.02300885	87711	0.054820416	0.240075614	0	0.126654064	0.387523629	0.079395085	0.111531191
110010016004	1944	419	1480	3	0	0	12	30	34	0.018004115	64061	0.017844397	0.13847252	0.018558173	0.475374732	0.189150607	0.115631692	0.04496788
110010017021	1663	846	722	0	35	0	51	9	137	0.163559832	58647	0.066153846	0.197692308	0.044615385	0.222307692	0.300769231	0.096153846	0.072307692
110010017022	1284	310	903	0	24	0	16	31	45	0.047619048	43870	0.079802956	0.517241379	0.024630542	0.202955665	0.095566502	0.060098522	0.019704433
110010018031	1178	116	860	0	33	0	0	169	32	0.049235993	53308	0.116004296	0.371643394	0.019334049	0.309344791	0.125671321	0.032223416	0.025778733
110010018032	2478	290	1704	12	0	0	437	35	827	0.127522195	24562	0.202082058	0.42988365	0.089406001	0.130434783	0.123698714	0.005511329	0.018983466
110010018041	1338	360	788	38	98	0	54	0	394	0.086696562	27290	0.367886179	0.291666667	0.035569106	0.12195122	0.073170732	0.074186992	0.035569106
110010018042	1682	504	830	0	9	0	339	0	780	0.373188406	17902	0.377876106	0.486725664	0.046017699	0.028318584	0.044247788	0.007964602	0.008849558
110010018043	2487	629	1249	0	15	0	546	48	1065	0.151186168	25110	0.285951327	0.417588496	0.029314159	0.168141593	0.072455752	0.017699115	0.008849558
110010019011	960	96	864	0	0	0	0	0	50	0.28125	28245	0.079422383	0.514440433	0	0.164259928	0.187725632	0.054151625	0
110010019012	1180	181	904	0	0	0	0	95	0	0.052542373	31409	0.055819477	0.628266033	0.035629454	0.159144893	0.112826603	0	0.008313539
110010019013	909	84	767	12	46	0	0	0	51	0.01870187	35233	0.106524634	0.436750999	0.06391478	0.191744341	0.165113182	0.025299601	0.010652463
110010019014	886	124	664	0	86	0	12	0	52	0.023702032	33379	0.118483412	0.552922591	0.036334913	0.011058452	0.167456556	0.099526066	0.014218009
110010019021	1539	156	1232	0	6	0	126	19	231	0.081871345	35099	0.062043796	0.455291971	0.042883212	0.199817518	0.193430657	0.023722628	0.022810219
110010019022	631	154	457	0	8	0	4	8	81	0.109350238	37508	0.111111111	0.436781609	0.143678161	0.11302682	0.124521073	0.021072797	0.049808429
110010020011	1254	129	740	0	111	0	269	5	296	0.109250399	23020	0.231481481	0.491769547	0.077160494	0.12654321	0.049382716	0.012345679	0.011316872
110010020012	1294	466	379	0	74	0	311	64	383	0.060278207	52962	0.04989605	0.294178794	0.01039501	0.331600832	0.177754678	0.118503119	0.017671518
110010020021	1148	420	458	0	30	0	178	62	190	0.028795812	48862	0.100472813	0.38534279	0.028368794	0.281323877	0.087470449	0.107565012	0.009456265
110010020022	1452	527	725	0	0	0	192	8	475	0.22043387	29755	0.153611394	0.457782299	0.042726348	0.141403866	0.094608342	0.1017294	0.008138352
110010020023	1098	196	782	0	0	0	94	26	247	0.244080146	41475	0.120218579	0.370491803	0.07431694	0.193442623	0.174863388	0.031693989	0.034972678
110010021011	1247	56	945	147	45	0	9	45	225	0.082598236	31068	0.097435897	0.617435897	0.036923077	0.216410256	0.019487179	0.012307692	0
110010021012	1280	229	647	0	47	0	322	35	779	0.3	22341	0.380382775	0.362440191	0.044258373	0.110047847	0.068181818	0.034688995	0
110010021013	1230	95	1084	12	0	0	0	39	22	0.130081301	30212	0.076508621	0.573275862	0.012931034	0.209051724	0.075431034	0.052801724	0
110010021014	835	161	354	0	0	0	310	10	393	0.131736527	20747	0.05	0.781481481	0.018518519	0.133333333	0	0	0.016666667
110010021015	1160	215	506	0	0	0	425	14	631	0.302631579	17460	0.399147727	0.40625	0	0.157670455	0.036931818	0	0
110010021021	923	61	601	3	0	0	222	36	235	0.206933911	27046	0.119426752	0.468152866	0.020700637	0.291401274	0.070063694	0.030254777	0
110010021022	742	46	503	0	0	0	193	0	193	0.188679245	26389	0.178082192	0.506849315	0.011741683	0.140900196	0.133072407	0.029354207	0
110010021023	1090	108	828	5	0	0	132	17	182	0.195672625	36679	0.018072289	0.385542169	0.013253012	0.410843373	0.160240964	0.012048193	0
110010021024	614	56	413	0	0	0	140	5	140	0.159609121	36635	0.131630648	0.424361493	0.025540275	0.227897839	0.110019646	0.015717092	0.064833006
110010021025	706	67	313	0	35	0	274	17	326	0.04815864	33630	0.216624685	0.413098237	0.098236776	0.173803526	0.062972292	0.020151134	0.01511335
110010021026	826	106	473	0	0	0	247	0	317	0.310218978	29753	0.290566038	0.432075472	0.013207547	0.216981132	0.047169811	0	0
110010022011	1475	149	972	19	41	0	246	48	270	0.072331461	25572	0.223052295	0.331910352	0.044823906	0.271077908	0.068303095	0	0.060832444
110010022012	1487	253	1105	0	24	0	68	37	220	0.048419637	28744	0.223055295	0.543580131	0.011246485	0.146204311	0.049671978	0.026241799	0
110010022013	706	36	650	0	0	0	0	20	12	0.111898017	26960	0.160243408	0.527383367	0.050709939	0.204868154	0.056795132	0	0
110010022021	1633	174	970	0	60	0	384	45	414	0.257195346	31209	0.175330396	0.4969163	0.040528634	0.184140969	0.034361233	0	0.068722467
110010022022	1177	6	1129	0	0	0	35	7	41	0.237043331	21603	0.027700831	0.772853186	0	0.173130194	0.013850416	0	0.012465374
110010022023	785	43	515	0	0	0	220	7	210	0.188535032	32862	0.113948919	0.385068762	0	0.263261297	0.190569745	0.021611002	0.025540275
110010023011	1247	251	862	31	25	0	40	38	118	0.186046512	34004	0.127368421	0.461052632	0.024210526	0.197894737	0.12	0.038947368	0.030526316
110010023012	1621	363	1025	10	14	0	147	62	208	0.112276373	34506	0.20777161	0.373513085	0.038858049	0.155432197	0.141950833	0.076923077	0.00555115
110010023021	1808	698	990	0	60	0	9	51	15	0.343234323	34318	0.084834835	0.381381381	0.039039039	0.185435435	0.127627628	0.119369369	0.062312312
110010024001	787	250	333	0	27	0	124	53	264	0.071887035	34204	0.26975945	0.336769759	0.036082474	0.154639175	0.154639175	0.041237113	0.006872852
110010024002	1018	171	779	24	0	0	27	17	84	0.062007874	40622	0.129411765	0.54379085	0.039215686	0.197385621	0.061437908	0.02875817	0
110010024003	881	240	587	0	29	0	0	25	57	0.245153934	38477	0.079722704	0.43847487	0.045060659	0.162911612	0.197573657	0.032928943	0.043327556
110010024004	1228	328	558	0	24	0	249	69	367	0.113841114	37168	0.137055838	0.358375635	0.010152284	0.267005076	0.131979695	0.056852792	0.03857868
110010025011	1145	223	803	0	0	0	53	66	307	0.510993843	14490	0.415797317	0.378539493	0.078986587	0.052160954	0.074515648	0	0
110010025012	1371	500	812	0	8	0	0	51	129	0.15497076	49665	0.023233301	0.286544046	0.050338819	0.291384318	0.186834463	0.121006776	0.040658277
110010025021	970	151	555	15	12	0	210	27	274	0.210309278	40434	0.026217228	0.571785268	0.06866417	0.06866417	0.248439451	0	0.016229713
110010025022	1373	427	654	0	35	0	257	0	395	0.212672979	31342	0.129943503	0.488135593	0.058757062	0.09039548	0.164971751	0.025988701	0.04180791
110010025023	1537	271	983	0	14	0	241	28	413	0.052666228	26184	0.137154555	0.470829069	0.010235415	0.198567042	0.164790174	0.018423746	0
110010025024	1629	872	464	0	33	0	226	34	921	0.156537753	33225	0.401134522	0.30713128	0	0.130470016	0.109400324	0.027552674	0.024311183
110010026001	1174	467	510	8	58	12	82	37	150	0.053662692	61490	0.02640264	0.248624862	0.063806381	0.255225523	0.198019802	0.182618262	0.02530253
110010026002	1221	526	576	0	53	0	51	15	22	0.061425061	68341	0.025263158	0.169473684	0.027368421	0.281052632	0.223157895	0.215789474	0.057894737
110010027011	548	426	57	0	0	0	0	65	62	0.083941606	55965	0	0.101030928	0	0.41443299	0.430927835	0.045360825	0.008247423
110010027012	1720	1203	377	0	87	0	0	53	44	0.075129534	52733	0.097100472	0.209710047	0.020229265	0.261631827	0.305461902	0.05799056	0.047875927
110010027013	691	626	20	0	0	0	0	45	14	0.060781476	77254	0	0.099025974	0.01461039	0.378246753	0.310064935	0.137987013	0.060064935
110010027014	1641	1151	397	14	48	0	0	31	717	0.204753199	35695	0.159624413	0.368544601	0.018779343	0.261345853	0.15571205	0.010172144	0.025821596
110010027021	1838	1136	358	0	39	0	292	13	1033	0.050598477	34180	0.310160428	0.271199389	0.037433155	0.148204736	0.18105424	0	0.051948052
110010027022	2487	2118	206	0	40	0	76	47	451	0.038198633	68081	0.041349293	0.125680087	0.009793254	0.307399347	0.270402612	0.177366703	0.068008705
110010027023	1522	1162	287	0	20	0	0	53	24	0.042706965	55765	0.012251149	0.202909648	0	0.256508423	0.401990812	0.068912711	0.057427259
110010028011	1101	385	607	0	31	0	16	62	16	0.259763851	37846	0.149774775	0.298423423	0.019144144	0.279279279	0.152027027	0.058558559	0.042792793
110010028012	3109	1157	952	0	446	0	506	48	1376	0.16243165	22068	0.233237548	0.375957854	0.039272031	0.212643678	0.08045977	0.054118774	0.004310345
110010028021	2857	1565	588	0	235	0	395	74	1441	0.116099614	34013	0.304990758	0.315157116	0.01987061	0.149260628	0.159426987	0.039279113	0.012014787
110010028022	2020	985	572	12	76	0	345	30	707	0.257242757	22391	0.268417214	0.323121809	0	0.215900802	0.142961342	0.033552152	0.016046681
110010029001	2256	1058	741	9	65	0	338	45	725	0.07712766	39298	0.141498216	0.271700357	0.040428062	0.168846611	0.257431629	0.09334126	0.026753864
110010029002	2490	1297	622	0	33	0	453	85	949	0.095983936	40701	0.194972067	0.249162011	0.025139665	0.25027933	0.164804469	0.080446927	0.035195531
110010030001	1686	999	525	8	146	0	0	8	169	0.168955224	49673	0.109011628	0.13880814	0.002180233	0.391715116	0.256540698	0.084302326	0.01744186
110010030002	2051	659	1303	0	0	0	69	20	244	0.349585568	29641	0.152594888	0.247869868	0.007745933	0.342370256	0.198295895	0.028659954	0.022463207
110010031001	3280	1439	1072	138	84	0	523	24	1252	0.108536585	30180	0.235432331	0.342105263	0.012218045	0.257048872	0.079887218	0.069548872	0.003759398
110010032001	1120	236	829	0	0	0	55	0	258	0.128571429	25870	0.273869347	0.484924623	0.020100503	0.14321608	0.077889447	0	0
110010032002	936	447	412	0	34	0	43	0	348	0.179487179	31961	0.291727141	0.339622642	0.017416546	0.137880987	0.145137881	0.050798258	0.017416546
110010032003	1428	504	688	22	48	0	127	39	527	0.229254571	35915	0.366088632	0.377649326	0.022157996	0.095375723	0.060693642	0.066473988	0.011560694
110010032004	1250	428	692	0	58	0	33	39	195	0.066666667	35767	0.221143474	0.36030205	0.038834951	0.23193096	0.105717368	0.025889968	0.01618123
110010033011	1171	419	567	0	31	0	124	30	158	0.155422716	41193	0.071342201	0.378476421	0.066505441	0.163240629	0.259975816	0	0.060459492
110010033012	1273	502	571	0	33	0	94	73	130	0.048703849	57099	0.081541219	0.242831541	0.068100358	0.325268817	0.10125448	0.10125448	0.079749104
110010033013	881	352	444	0	16	0	36	33	11	0.280363224	59034	0	0.225490196	0	0.261437908	0.364379085	0.119281046	0.029411765
110010033021	1344	280	857	0	81	0	117	9	133	0.228422619	36893	0.118660287	0.285167464	0.044019139	0.236363636	0.205741627	0.088038278	0.022009569
110010033022	858	348	427	0	21	0	34	28	98	0.132867133	59133	0.06405694	0.128113879	0.039145907	0.350533808	0.144128114	0.195729537	0.078291815
110010034001	1501	380	998	9	30	0	38	46	108	0.246679317	31760	0.224009901	0.264851485	0.012376238	0.268564356	0.146039604	0.055693069	0.028465347
110010034002	3511	856	2283	0	88	0	157	127	437	0.236589497	22773	0.092579505	0.172438163	0	0.455123675	0.161837456	0.096819788	0.021201413
110010035001	1821	724	727	0	142	16	193	19	566	0.18616145	30938	0.230088496	0.292035398	0.028157683	0.247787611	0.115044248	0.061946903	0.024939662
110010035002	2668	273	2308	0	56	0	0	31	53	0.433270677	15821	0.156368222	0.445145019	0.018915511	0.226986129	0.071878941	0.080706179	0
110010036001	1904	839	608	0	87	0	335	35	261	0.103991597	57134	0.031786395	0.285441831	0.023521933	0.349014622	0.197075652	0.083916084	0.029243484
110010036002	1287	628	521	0	20	0	118	0	400	0.108903021	37416	0.375372393	0.266137041	0.047666336	0.175769613	0.067527309	0	0.067527309
110010036003	1278	654	550	0	12	0	19	43	43	0.183881064	36962	0.041065483	0.295227525	0.035516093	0.273029967	0.271920089	0.07991121	0.003329634
110010037001	1524	640	621	0	208	0	39	16	147	0.143700787	47873	0.045964126	0.288116592	0	0.275784753	0.280269058	0.109865471	0
110010037002	2310	732	1387	0	98	0	29	64	376	0.216748768	24450	0.089795918	0.243265306	0.068571429	0.346122449	0.174693878	0.07755102	0
110010037003	1717	1073	249	9	25	0	361	0	888	0.083284799	39345	0.321793863	0.172305271	0.015735641	0.269079465	0.140047207	0.048780488	0.032258065
110010038001	2442	1798	328	0	170	110	19	17	507	0.082225914	66392	0.057630244	0.171507607	0.011987091	0.360995851	0.235131397	0.128630705	0.034117105
110010038002	1657	1114	182	0	91	0	195	75	317	0.133373567	68925	0.072847682	0.061810155	0.011773363	0.241353937	0.259749816	0.21192053	0.140544518
110010038003	929	442	262	0	61	0	70	94	70	0.066738428	41278	0.128872367	0.251548947	0.100371747	0.265179678	0.178438662	0.0755886	0
110010039001	1460	981	184	0	162	0	98	35	401	0.110273973	50231	0.030280091	0.105223316	0.019682059	0.41332324	0.275548827	0.099167298	0.05677517
110010039002	1320	937	251	0	79	0	29	24	85	0.206060606	59389	0.033011272	0.164251208	0	0.313204509	0.374396135	0.104669887	0.010466989
110010039003	1186	896	154	44	54	0	0	38	153	0.075487701	59662	0.032467532	0.16419295	0	0.256029685	0.379406308	0.167903525	0
110010039004	700	579	103	0	0	0	0	18	0	0	62552	0	0.133099825	0.061295972	0.318739054	0.287215412	0.096322242	0.103327496
110010040011	1100	956	43	0	66	0	18	17	84	0.044545455	79235	0.028272251	0.061780105	0.020942408	0.279581152	0.431413613	0.136125654	0.041884817
110010040012	574	510	0	0	64	0	0	0	40	0	123391	0	0.104529617	0	0.390243902	0.235191638	0.195121951	0.074912892
110010040013	1753	1693	0	0	60	0	0	0	136	0.014261266	84673	0	0.033400134	0.01002004	0.349365397	0.300601202	0.213092852	0.093520374
110010040021	525	445	15	0	30	0	10	25	32	0.064761905	73976	0.042	0.148	0	0.28	0.32	0.088	0.122
110010040022	1538	1255	131	7	76	0	33	36	168	0.029258778	79074	0.02686109	0.129700691	0.013814275	0.327705295	0.241749808	0.204144282	0.056024559
110010040023	612	430	91	0	82	0	0	9	0	0.04248366	61722	0	0.217391304	0.015122873	0.300567108	0.296786389	0.098298677	0.071833648
110010041001	1111	988	32	18	39	0	0	34	106	0.02340234	104462	0.034274194	0.08266129	0.035282258	0.28125	0.233870968	0.200604839	0.132056452
110010041002	645	505	0	0	124	0	0	16	70	0.175193798	82335	0.110497238	0.042357274	0	0.184162063	0.314917127	0.222836096	0.125230203
110010041003	942	741	79	0	47	0	0	75	189	0.035675676	111030	0.016830295	0.18513324	0.011220196	0.35483871	0.21598878	0.1542777	0.06171108
110010042011	1547	1284	199	0	62	0	2	0	180	0.034393251	63355	0.037850114	0.17335352	0.005299016	0.317183952	0.350492051	0.075700227	0.04012112
110010042012	2187	1692	211	11	150	0	29	94	66	0.074074074	72293	0.024324324	0.107567568	0	0.332972973	0.350810811	0.117837838	0.066486486
110010042021	1480	1157	56	0	196	0	11	60	73	0.101067616	81749	0.000791766	0.046714173	0.008709422	0.368962787	0.308788599	0.201108472	0.064924782
110010042022	1309	1101	50	0	106	0	29	23	88	0.042405551	83070	0.003404255	0.056170213	0.007659574	0.416170213	0.302978723	0.16	0.053617021
110010043001	1827	1027	538	0	65	0	44	153	264	0.151067323	51519	0.143803844	0.129224652	0.003313453	0.363817097	0.190854871	0.085487078	0.083499006
110010043002	1460	928	413	0	53	0	38	28	138	0.093150685	62993	0.08681672	0.185691318	0.025723473	0.379421222	0.147106109	0.147106109	0.028135048
110010044001	3238	2336	588	0	149	0	165	0	264	0.122297715	73433	0.061127997	0.085444107	0.021276596	0.372847011	0.265450861	0.147247552	0.046605876
110010044002	2258	1234	748	0	89	0	0	187	142	0.186861962	65720	0.055555556	0.119791667	0.013310185	0.381944444	0.284722222	0.128472222	0.016203704
110010046001	1233	301	859	0	30	0	0	43	23	0.142741281	39588	0.089119171	0.405181347	0.006217617	0.25492228	0.152331606	0.077720207	0.014507772
110010046002	1564	581	799	90	59	0	0	35	117	0.069722402	51822	0.116297468	0.348101266	0.063291139	0.25	0.149525316	0.056170886	0.016613924
110010047011	1409	0	1319	0	40	0	0	50	0	0.137686302	12671	0.297222222	0.493055556	0.125	0.084722222	0	0	0
110010047012	2173	679	1202	0	268	0	0	24	159	0.35066728	41070	0.155581948	0.290973872	0.04216152	0.225059382	0.113420428	0.154988124	0.017814727
110010047021	2211	1007	1008	0	181	0	15	0	77	0.161487519	54572	0.122749591	0.200218221	0.044735406	0.282596836	0.190943808	0.141298418	0.01745772
110010048011	2148	725	1109	0	244	0	12	58	74	0.117180205	51406	0.113009923	0.326901874	0.004961411	0.274531422	0.141124587	0.077728776	0.061742007
110010048021	1194	596	453	0	109	0	28	8	58	0.086264657	65902	0.037563452	0.182741117	0.044670051	0.332994924	0.244670051	0.131979695	0.025380711
110010048022	2026	373	1229	0	233	0	149	42	344	0.296945418	35280	0.26083707	0.426756353	0.02690583	0.138266069	0.10612855	0.041106129	0
110010049011	1227	503	669	0	0	0	38	17	302	0.351263244	22594	0.180156658	0.411227154	0.037859008	0.161879896	0.15535248	0.03002611	0.023498695
110010049012	1176	705	331	0	88	0	18	34	57	0.113356766	54184	0.096573209	0.20145379	0.00623053	0.377985462	0.211838006	0.07788162	0.028037383
110010049021	715	285	265	0	43	0	122	0	263	0.246397695	26099	0.475161987	0.239740821	0	0.205183585	0.058315335	0.021598272	0
110010049022	1937	1412	317	0	139	0	53	16	240	0.098606092	78360	0.069667078	0.166461159	0.033292232	0.25647349	0.265104809	0.131319359	0.077681874
110010050011	954	751	27	0	33	0	26	117	95	0.026511135	114293	0	0.034005038	0.020151134	0.526448363	0.153652393	0.24559194	0.020151134
110010050012	1090	609	457	0	19	0	0	5	20	0.124770642	64211	0.122983871	0.171370968	0.006048387	0.311491935	0.127016129	0.158266129	0.102822581
110010050021	1709	734	692	0	72	0	211	0	471	0.085430076	39116	0.292072323	0.325452017	0.02294854	0.124478442	0.107788595	0.127260083	0
110010050022	2001	1476	211	0	62	0	86	166	254	0.117441279	80642	0.042016807	0.163865546	0.017331933	0.244222689	0.25157563	0.191176471	0.089810924
110010050023	853	800	18	0	0	0	26	9	271	0.269636577	109157	0.133704735	0.044568245	0	0.320334262	0.352367688	0.11281337	0.036211699
110010050024	1004	645	153	0	27	0	113	66	210	0.037848606	70757	0.129142857	0.148571429	0.182857143	0.265142857	0.195428571	0.058285714	0.020571429
110010052011	1939	1316	185	0	257	0	33	148	190	0.117070655	73287	0.066933638	0.080091533	0	0.314073227	0.35812357	0.143592677	0.037185355
110010052012	1549	1174	94	22	121	0	70	68	90	0	93583	0	0.109857035	0.042889391	0.259593679	0.375470278	0.182844244	0.029345372
110010052013	860	617	96	0	50	0	31	66	73	0.041860465	84560	0	0.04	0.0175	0.33375	0.26875	0.17625	0.16375
110010052014	1487	1107	110	0	197	0	61	12	160	0.131136516	105896	0.046142209	0.159606657	0.02118003	0.335854766	0.243570348	0.115733737	0.077912254
110010053011	1203	1081	17	0	57	0	0	48	190	0.092269327	71703	0	0.020792079	0.020792079	0.334653465	0.235643564	0.234653465	0.153465347
110010053012	1293	1080	47	32	109	0	0	25	28	0.01933488	83084	0	0.043844857	0.010961214	0.349072513	0.303541315	0.215851602	0.076728499
110010053013	1232	880	107	35	162	0	0	48	140	0.140972795	65908	0	0.16374269	0.009746589	0.348927875	0.249512671	0.153021442	0.075048733
110010053014	1474	1271	41	0	118	0	0	44	75	0.033921303	90291	0	0.058639562	0.017982799	0.310398749	0.276778733	0.202501955	0.133698202
110010055001	642	583	40	0	19	0	0	0	18	0.088785047	87176	0	0.147651007	0	0.434563758	0.197986577	0.181208054	0.038590604
110010055002	1957	1447	0	27	367	0	0	116	255	0.109351048	114399	0	0.02044293	0	0.247018739	0.299261783	0.277115275	0.156161272
110010055003	1795	1311	46	64	342	0	32	0	83	0.206128134	104451	0	0.128404669	0.038910506	0.377431907	0.170428016	0.173540856	0.111284047
110010055004	1221	984	157	0	42	0	33	5	99	0.217	56402	0.060150376	0.182330827	0	0.20112782	0.354323308	0.188909774	0.013157895
110010055005	706	535	22	0	53	0	0	96	37	0.155807365	62628	0	0.023346304	0	0.371595331	0.249027237	0.215953307	0.140077821
110010056001	1684	1241	31	0	271	0	67	74	291	0.185697115	60913	0.07023705	0.024582968	0.015803336	0.446005268	0.235294118	0.164179104	0.043898156
110010056002	1635	1277	238	0	47	0	8	65	220	0.183563748	123202	0.062691131	0.282110092	0.022171254	0.115443425	0.199541284	0.160550459	0.157492355
110010056003	1680	1154	67	0	340	0	88	31	117	0.093785311	41660	0	0.067973856	0	0.278431373	0.481045752	0.129411765	0.043137255
110010056004	1124	875	50	0	159	0	0	40	35	0.32860262	57859	0	0.11496063	0	0.382677165	0.324409449	0.165354331	0.012598425
110010058001	830	726	20	0	39	0	35	10	74	0.015662651	157168	0	0.032258065	0	0.336774194	0.268387097	0.318709677	0.043870968
110010058002	1834	1010	189	0	491	0	104	40	206	0.16521265	82872	0.136877076	0.085049834	0.02192691	0.259136213	0.166112957	0.255149502	0.075747508
110010059001	3160	1809	858	0	286	0	113	94	224	0.241440169	49478	0.116956522	0.212173913	0.026086957	0.352173913	0.16	0.101304348	0.031304348
110010062021	0	0	0	0	0	0	0	0	0	#DIV/0!	-	#DIV/0!	#DIV/0!	#DIV/0!	#DIV/0!	#DIV/0!	#DIV/0!	#DIV/0!
110010064001	1072	38	892	0	142	0	0	0	11	0.574626866	13870	0.327731092	0.494397759	0.039215686	0.053221289	0.06302521	0.007002801	0.015406162
110010064002	1093	45	1036	12	0	0	0	0	0	0.382433669	16000	0.201538462	0.487692308	0.067692308	0.12	0.073846154	0	0.049230769
110010065001	941	816	102	0	0	0	23	0	46	0.115834219	69781	0.044554455	0.16460396	0	0.445544554	0.241336634	0.074257426	0.02970297
110010065002	1530	1373	69	0	50	0	0	38	128	0.033552632	83155	0.006854532	0.140898705	0.021325209	0.255140899	0.394516375	0.12185834	0.059405941
110010066001	1869	1706	46	26	63	0	0	28	62	0.041733547	110577	0.009530293	0.055139551	0.025867937	0.318584071	0.259360109	0.243022464	0.088495575
110010067001	1260	900	316	0	36	0	0	8	8	0.045238095	66769	0.103921569	0.195098039	0	0.27745098	0.209803922	0.130392157	0.083333333
110010067002	1198	1031	87	0	68	0	0	12	12	0.042570952	80671	0.013626834	0.036687631	0	0.42557652	0.339622642	0.13836478	0.046121593
110010067003	1521	1310	68	0	91	0	7	45	70	0.049309665	95855	0.006956522	0.047826087	0	0.32	0.307826087	0.204347826	0.113043478
110010068011	1400	423	925	0	15	0	13	24	38	0.197214076	44401	0.176203451	0.334241599	0.02270663	0.225249773	0.144414169	0.057220708	0.039963669
110010068012	605	264	320	7	0	0	0	14	18	0.082644628	50535	0.036437247	0.412955466	0	0.198380567	0.218623482	0.062753036	0.070850202
110010068021	822	356	333	0	30	0	40	63	74	0.083941606	50079	0.055555556	0.251736111	0.0625	0.192708333	0.276041667	0.105902778	0.055555556
110010068022	1434	746	582	21	4	0	15	66	174	0.134275618	47463	0.087215064	0.32011893	0.03567889	0.195242815	0.21308226	0.080277502	0.068384539
110010068041	2958	77	2727	0	0	0	127	27	137	0.944954128	5291	0.283404255	0.656595745	0.030638298	0.021702128	0.006382979	0	0.001276596
110010069001	1396	887	419	0	65	0	0	25	27	0.063037249	69035	0.098705502	0.205501618	0.027508091	0.219255663	0.257281553	0.152912621	0.038834951
110010069002	992	758	210	0	7	17	0	0	0	0.017137097	64537	0.012936611	0.15912031	0	0.445019405	0.235446313	0.125485123	0.021992238
110010070001	1210	1058	124	0	5	0	0	23	83	0.107438017	89779	0.053875236	0.09168242	0.012287335	0.345935728	0.203213611	0.211720227	0.081285444
110010070002	1266	956	242	0	0	0	42	26	98	0.074788902	51823	0	0.21686747	0.012048193	0.371084337	0.274698795	0.092771084	0.03253012
110010071001	604	165	401	0	15	0	0	23	13	0.513245033	30141	0.132678133	0.373464373	0.027027027	0.203931204	0.15970516	0.044226044	0.058968059
110010071002	2666	1057	1481	0	78	0	11	39	185	0.346211553	39577	0.131030702	0.305372807	0.01754386	0.250548246	0.171052632	0.069627193	0.054824561
110010072001	2429	1598	601	4	158	0	12	56	62	0.086455331	61630	0.028856826	0.109322974	0.015538291	0.379023307	0.309100999	0.120976693	0.03718091
110010072002	1056	549	455	0	29	0	0	23	55	0.23174971	42591	0.160994764	0.410994764	0.030104712	0.181937173	0.133507853	0.082460733	0
110010073011	3282	2380	622	13	56	0	133	78	375	0.028527957	25127	0	0.417566595	0.139668826	0.243340533	0.17350612	0.025917927	0
110010073041	2596	39	2530	0	0	0	0	27	13	0.449106772	15325	0.280612245	0.543002915	0.058309038	0.070699708	0.037172012	0	0.010204082
110010073042	580	31	491	0	0	0	0	58	25	0.487931034	15976	0.325870647	0.534825871	0.052238806	0.072139303	0.014925373	0	0
110010073043	532	0	532	0	0	0	0	0	25	0.293233083	23797	0.191747573	0.703883495	0	0.055825243	0	0	0.048543689
110010074011	1422	5	1417	0	0	0	0	0	17	0.5	10786	0.333769634	0.565445026	0.013089005	0.057591623	0.030104712	0	0
110010074012	1102	54	1043	0	5	0	0	0	86	0.666971638	9148	0.328094303	0.603143418	0.025540275	0.043222004	0	0	0
110010074031	3412	0	3361	0	0	0	49	2	113	0.369334903	12107	0.248812352	0.659144893	0.02672209	0.035035629	0.0195962	0.010688836	0
110010074041	2288	3	2233	17	0	0	0	35	15	0.468968531	12559	0.169507576	0.608901515	0.065340909	0.121212121	0.035037879	0	0
110010074042	859	20	839	0	0	0	0	0	0	0.328288708	25210	0.224609375	0.474609375	0.01953125	0.212890625	0.033203125	0	0.03515625
110010074043	278	0	278	0	0	0	0	0	0	0.424460432	14225	0.195804196	0.755244755	0.048951049	0	0	0	0
110010074061	2035	0	2035	0	0	0	0	0	27	0.258968059	11705	0.217488789	0.742152466	0.022421525	0.00896861	0.00896861	0	0
110010074062	1354	0	1354	0	0	0	0	0	31	0.704579025	7685	0.276836158	0.61393597	0.047080979	0.062146893	0	0	0
110010074071	734	0	734	0	0	0	0	0	0	0.077656676	21981	0.205816555	0.682326622	0.053691275	0.058165548	0	0	0
110010074072	1867	28	1760	0	0	0	0	79	23	0.217602592	25180	0.084854015	0.744525547	0.032846715	0.105839416	0.031934307	0	0
110010074081	3050	40	2976	0	0	0	8	26	34	0.416540785	13258	0.300595238	0.644642857	0.023809524	0.022619048	0.008333333	0	0
110010074091	1112	0	1112	0	0	0	0	0	0	0.192446043	10948	0.227926078	0.716632444	0.034907598	0.020533881	0	0	0
110010074092	1130	0	1130	0	0	0	0	0	0	0.400884956	19718	0.172093023	0.643410853	0.041860465	0.068217054	0.052713178	0.021705426	0
110010074093	1721	0	1721	0	0	0	0	0	12	0.448576409	13939	0.132803632	0.818388195	0.020431328	0.028376844	0	0	0
110010075021	2843	28	2795	0	0	0	0	20	0	0.586838006	16678	0.184334909	0.749493585	0.030384875	0.012829169	0.017555706	0.005401756	0
110010075022	2108	20	2088	0	0	0	0	0	10	0.387571157	15202	0.203719358	0.495350803	0.082840237	0.161453931	0.032121724	0.007607777	0.016906171
110010075031	734	3	724	0	0	0	0	7	0	0.258855586	26760	0.191011236	0.586142322	0.065543071	0.06741573	0.054307116	0.035580524	0
110010075032	1682	0	1678	0	4	0	0	0	0	0.435790725	11258	0.221928666	0.702774108	0.019815059	0.026420079	0.029062087	0	0
110010075041	2281	54	2226	1	0	0	0	0	0	0.51563188	15371	0.231873112	0.612537764	0.008308157	0.067975831	0.071752266	0	0.00755287
110010076011	481	0	467	0	0	14	0	0	0	0.155925156	26093	0.194767442	0.755813953	0.023255814	0	0.026162791	0	0
110010076012	717	10	707	0	0	0	0	0	0	0.093444909	34397	0.074074074	0.747474747	0.057239057	0.037037037	0.063973064	0	0.02020202
110010076013	1347	23	1324	0	0	0	0	0	0	0.155185466	32041	0.168699187	0.656504065	0.028455285	0.112804878	0.033536585	0	0
110010076014	933	32	878	23	0	0	0	0	0	0.39335477	17682	0.14213198	0.698815567	0.016920474	0.023688663	0.118443316	0	0
110010076015	652	13	639	0	0	0	0	0	0	0.20124805	21954	0.235621521	0.543599258	0.077922078	0.139146568	0	0	0.003710575
110010076031	1070	66	1004	0	0	0	0	0	54	0.074766355	34752	0.118303571	0.616071429	0.032366071	0.137276786	0.095982143	0	0
110010076032	877	0	877	0	0	0	0	0	0	0.262257697	49569	0.12802276	0.384068279	0.099573257	0.214793741	0.042674253	0.13086771	0
110010076033	523	141	304	0	41	0	0	37	91	0.145315488	48254	0.136452242	0.454191033	0.035087719	0.251461988	0.095516569	0.027290448	0
110010076034	892	75	797	0	0	0	0	20	20	0.169282511	30393	0.108974359	0.806089744	0.032051282	0	0.024038462	0.028846154	0
110010076041	987	30	957	0	0	0	0	0	0	0.260385005	23452	0.102564103	0.683760684	0.03988604	0.113960114	0.05982906	0	0
110010076042	1554	102	1414	24	0	0	0	14	34	0.065637066	38700	0.073505654	0.422455574	0.071890145	0.234248788	0.134894992	0.022617124	0.040387722
110010076043	900	13	842	27	0	0	18	0	18	0.278888889	21909	0.16031746	0.641269841	0.014285714	0.079365079	0.066666667	0.025396825	0.012698413
110010076051	643	11	580	21	17	0	0	14	0	0.090202177	27407	0.133208255	0.551594747	0.095684803	0.114446529	0.105065666	0	0
110010076052	2436	0	2332	0	104	0	0	0	0	0.365353038	22239	0.19138756	0.642942584	0.013157895	0.078947368	0.053229665	0.020334928	0
110010076053	587	36	520	0	0	0	0	31	12	0.291595197	21017	0.211981567	0.631336406	0.052995392	0.076036866	0	0.02764977	0
110010077031	1017	0	980	0	0	0	37	0	37	0.039331367	32007	0.096688742	0.524503311	0.127152318	0.22781457	0.02384106	0	0
110010077032	1316	0	1246	0	0	0	70	0	70	0.053191489	26570	0.030552291	0.907168038	0.03760282	0.011750881	0.012925969	0	0
110010077033	2492	0	2492	0	0	0	0	0	0	0.508025682	14186	0.372819767	0.504360465	0.083575581	0.039244186	0	0	0
110010077034	391	0	391	0	0	0	0	0	0	0.644501279	11219	0	0.905797101	0	0.094202899	0	0	0
110010077071	2769	0	2668	0	0	0	0	101	0	0.228779599	15641	0.185499673	0.722403658	0.013716525	0.064663619	0.013716525	0	0
110010077072	1494	51	1436	0	0	0	0	7	0	0.147972973	37473	0.065217391	0.56884058	0.063405797	0.112318841	0.150362319	0.039855072	0
110010077081	1195	25	1170	0	0	0	0	0	0	0.441004184	18269	0.076219512	0.762195122	0.044207317	0.053353659	0.06402439	0	0
110010077082	1598	0	1598	0	0	0	0	0	0	0.392230576	14065	0.172962227	0.69582505	0.061630219	0.027833002	0.028827038	0	0.012922465
110010077091	916	33	807	0	0	0	57	19	69	0.259340659	20038	0.161803714	0.74801061	0.00795756	0.055702918	0.026525199	0	0
110010077092	716	3	679	0	0	0	0	34	0	0.237359551	27683	0.1996337	0.542124542	0.031135531	0.119047619	0.108058608	0	0
110010078031	618	0	571	0	5	0	30	12	30	0.038834951	22319	0.320486815	0.529411765	0.070993915	0.052738337	0.026369168	0	0
110010078032	676	0	676	0	0	0	0	0	0	0.25147929	20084	0.103658537	0.715447154	0	0.099593496	0.081300813	0	0
110010078033	562	20	542	0	0	0	0	0	10	0.220640569	20459	0.079646018	0.672566372	0	0.179941003	0.067846608	0	0
110010078034	1046	10	1027	0	0	0	9	0	0	0.294455067	21230	0.111111111	0.703703704	0.04526749	0.0781893	0.061728395	0	0
110010078041	917	35	778	0	9	0	95	0	95	0.495021337	16335	0.321858864	0.516351119	0.006884682	0.08777969	0.067125645	0	0
110010078042	1016	2	1001	0	13	0	0	0	37	0.438856016	24197	0.197301855	0.661045531	0.075885329	0.033726813	0.030354132	0.001686341	0
110010078043	1307	0	1291	0	10	0	0	6	0	0.12183908	25900	0.322167488	0.632512315	0	0.02364532	0.009852217	0.01182266	0
110010078061	1147	11	1099	11	0	0	0	26	0	0.284210526	20972	0.1484375	0.725260417	0.016927083	0.092447917	0.0078125	0	0.009114583
110010078062	980	33	942	0	0	0	0	5	5	0.158163265	20467	0.092307692	0.743589744	0.032478632	0.131623932	0	0	0
110010078071	1432	35	1384	0	0	0	0	13	33	0.344078486	15808	0.252121212	0.637575758	0.041212121	0.035151515	0.033939394	0	0
110010078072	797	0	797	0	0	0	0	0	0	0.2195734	18274	0.132936508	0.740079365	0.025793651	0.047619048	0.053571429	0	0
110010078081	2899	16	2853	0	0	0	30	0	49	0.435667472	15690	0.242677824	0.518828452	0.015899582	0.188284519	0.034309623	0	0
110010078082	922	18	904	0	0	0	0	0	0	0.336601307	17988	0.354098361	0.547540984	0.01147541	0.057377049	0.029508197	0	0
110010078083	880	0	880	0	0	0	0	0	10	0.379545455	9844	0.038123167	0.838709677	0.029325513	0.064516129	0	0.029325513	0
110010078091	1889	44	1833	0	0	0	0	12	10	0.339361702	17322	0.205128205	0.542597188	0.079404467	0.069478908	0.098428453	0.004962779	0
110010078092	819	0	782	11	10	0	0	16	16	0.215686275	25192	0.188356164	0.650684932	0.059931507	0.059931507	0.04109589	0	0
110010079011	222	12	190	0	13	0	0	7	0	0.081081081	39756	0.145945946	0.6	0	0.113513514	0.140540541	0	0
110010079012	1200	107	1044	0	30	0	0	19	12	0.251666667	27193	0.227560051	0.527180784	0.068268015	0.074589128	0.037926675	0.007585335	0.056890013
110010079013	1713	194	1393	54	38	0	0	34	26	0.242848803	24018	0.153389831	0.494067797	0.112711864	0.144067797	0.061864407	0.022881356	0.011016949
110010079014	1193	85	1065	12	0	0	17	14	93	0.315171836	22186	0.345549738	0.366492147	0.019633508	0.091623037	0.113874346	0	0.062827225
110010079031	1634	142	1423	13	9	0	0	47	6	0.205445545	24399	0.123931624	0.585470085	0.036752137	0.161538462	0.070940171	0.013675214	0.007692308
110010080011	875	375	352	0	148	0	0	0	61	0.02166065	52345	0.083333333	0.238700565	0.036723164	0.299435028	0.218926554	0.016949153	0.105932203
110010080012	1253	622	507	0	35	0	0	89	35	0.162809258	60739	0.026743075	0.265520535	0.064947469	0.35434575	0.212034384	0.05730659	0.019102197
110010080013	578	381	160	0	25	0	0	12	22	0.129757785	62662	0.043572985	0.209150327	0	0.34204793	0.302832244	0.058823529	0.043572985
110010080021	1369	737	617	0	7	0	0	8	35	0.074506939	57001	0.076791809	0.264505119	0.111774744	0.270477816	0.182593857	0.08105802	0.012798635
110010080022	2325	1408	655	0	73	0	57	132	139	0.083261432	56466	0.087981599	0.220816561	0.027027027	0.249568718	0.26106958	0.089131685	0.06440483
110010081001	584	500	41	0	43	0	0	0	33	0	68870	0	0.075431034	0.00862069	0.521551724	0.275862069	0.096982759	0.021551724
110010081002	1768	1249	432	0	20	0	23	44	93	0.050115207	59009	0.043382353	0.213970588	0.033823529	0.330147059	0.253676471	0.059558824	0.065441176
110010081003	944	902	0	0	11	0	8	23	72	0.047669492	91459	0	0.119422572	0	0.355643045	0.265091864	0.186351706	0.073490814
110010082001	661	625	25	0	0	0	0	11	31	0.019667171	114343	0.014234875	0.101423488	0	0.163701068	0.320284698	0.245551601	0.15480427
110010082002	2343	2016	100	0	103	0	21	103	147	0.102893891	63172	0.00109529	0.048192771	0.015334064	0.533406353	0.226177437	0.136363636	0.039430449
110010083011	1182	794	244	0	84	0	31	29	106	0.077834179	62408	0.069148936	0.081914894	0	0.439361702	0.281914894	0.1	0.027659574
110010083012	1501	1270	98	0	66	0	0	67	48	0.078929307	61097	0	0.106679035	0.017625232	0.372912801	0.27458256	0.148423006	0.079777365
110010083021	2376	1748	467	22	67	0	6	66	167	0.059602649	63519	0.048741296	0.104445635	0.004820568	0.376539904	0.302088913	0.109801821	0.053561864
110010084021	1205	548	605	0	33	0	0	19	30	0.071369295	44685	0.098522167	0.321182266	0	0.209852217	0.322167488	0.028571429	0.019704433
110010084022	963	587	350	0	7	0	11	8	56	0.175420168	53043	0.146453089	0.207093822	0.028604119	0.347826087	0.169336384	0.058352403	0.042334096
110010084101	1404	513	804	0	46	0	8	33	116	0.071687183	42669	0.076635514	0.308411215	0.055140187	0.306542056	0.157943925	0.05046729	0.044859813
110010087011	1240	366	836	0	0	0	0	38	22	0.17700579	37169	0.183486239	0.350917431	0.013761468	0.186926606	0.186926606	0.033256881	0.044724771
110010087012	1093	187	898	0	0	0	0	8	5	0.127172919	27014	0.168446026	0.462633452	0.06168446	0.185053381	0.112692764	0.004744958	0.004744958
110010087021	1552	163	1121	0	0	0	255	13	278	0.19007732	24163	0.202247191	0.507660878	0.081716037	0.121552605	0.083758938	0.003064351	0
110010087022	570	108	443	0	6	0	13	0	13	0.224561404	35564	0.182795699	0.301075269	0.015053763	0.251612903	0.139784946	0.109677419	0
110010088021	524	19	469	8	21	0	0	7	0	0.437022901	26066	0.165853659	0.63902439	0	0.095121951	0.082926829	0	0.017073171
110010088022	1379	165	1206	0	0	0	8	0	0	0.412617839	18860	0.235294118	0.459694989	0.027233115	0.194989107	0.071895425	0.010893246	0
110010088023	1092	227	753	46	0	0	0	66	13	0.191705069	32959	0.089585666	0.59462486	0.024636058	0.159014558	0.101903695	0.030235162	0
110010088024	1488	150	1259	0	45	0	19	15	0	0.307123656	26237	0.181017613	0.532289628	0.032289628	0.102739726	0.107632094	0.008806262	0.035225049
110010088031	2099	597	1215	8	54	0	164	61	239	0.52207591	12156	0.232443126	0.608308605	0.027695351	0.080118694	0.044510386	0.006923838	0
110010088041	944	68	811	0	0	0	65	0	46	0.098272138	26883	0.134052388	0.55624037	0.043143297	0.12788906	0.097072419	0	0.041602465
110010088042	1746	27	1509	0	0	0	139	71	139	0.481099656	14934	0.368932039	0.513816281	0.026885736	0.070201643	0.020164302	0	0
110010089031	1891	131	1610	0	0	0	100	50	235	0.286322512	26098	0.213728549	0.588923557	0	0.117784711	0.06474259	0.014820593	0
110010089032	1184	0	1148	0	0	0	0	36	0	0.397804054	12880	0.316742081	0.515837104	0.018099548	0.082956259	0.066365008	0	0
110010089041	2207	18	2110	0	0	0	30	49	30	0.266878115	19492	0.24131016	0.56684492	0.067513369	0.085561497	0.038770053	0	0
110010089042	1037	64	692	0	51	0	230	0	291	0.278688525	22971	0.389891697	0.428399519	0	0.12755716	0.0433213	0.010830325	0
110010090001	1585	23	1544	0	0	0	0	18	29	0.182334385	34724	0.177462289	0.415261757	0.075421473	0.154392192	0.114463177	0.015971606	0.047027507
110010090002	1382	45	1327	0	10	0	0	0	10	0.141099855	41870	0.185004075	0.501222494	0.066829666	0.093724531	0.079054605	0.033414833	0.040749796
110010091021	732	141	484	0	0	0	107	0	200	0.051912568	28358	0.123203285	0.45174538	0.020533881	0.283367556	0.100616016	0.012320329	0.008213552
110010091022	2467	193	2214	0	18	0	6	36	13	0.318260121	19509	0.202337023	0.584255843	0.051660517	0.116851169	0.044895449	0	0
110010091023	2030	0	2006	0	16	0	8	0	59	0.381280788	11531	0.278131635	0.596602972	0.057324841	0.045647558	0.022292994	0	0
110010092011	1709	563	998	3	15	0	30	100	103	0.236783321	25245	0.150517404	0.400752587	0.028222013	0.120413923	0.153339605	0.078080903	0.068673565
110010092031	1049	51	834	0	0	0	12	152	103	0.183984747	28370	0.150470219	0.561128527	0	0.136363636	0.112852665	0	0.039184953
110010092032	1560	276	1151	0	0	0	60	73	161	0.133974359	37260	0.177655678	0.243589744	0.044871795	0.324175824	0.181318681	0.009157509	0.019230769
110010092041	782	112	543	0	20	0	78	29	102	0.21483376	25616	0.18445122	0.414634146	0.042682927	0.153963415	0.094512195	0.089939024	0.019817073
110010092042	2148	164	1699	0	9	0	265	11	504	0.439478585	13297	0.200462606	0.686969931	0.018504241	0.094063223	0	0	0
110010093011	795	109	610	49	11	0	0	16	49	0.201257862	43604	0.011844332	0.409475465	0.089678511	0.197969543	0.214890017	0.076142132	0
110010093012	965	401	496	0	21	0	11	36	16	0.155370177	41983	0.056748466	0.323619632	0	0.20398773	0.312883436	0.096625767	0.006134969
110010093013	811	317	410	21	31	0	11	21	69	0.05918619	40271	0.055292259	0.524486572	0.014218009	0.282780411	0.058451817	0.064770932	0
110010093014	938	248	616	0	47	11	0	16	12	0.134328358	33743	0.020249221	0.434579439	0.043613707	0.158878505	0.258566978	0.040498442	0.043613707
110010093021	1092	168	778	0	138	0	0	8	21	0.031135531	36788	0.140350877	0.473684211	0.053884712	0.147869674	0.126566416	0.026315789	0.031328321
110010094001	736	19	717	0	0	0	0	0	0	0.066576087	37771	0.07925801	0.460370995	0	0.200674536	0.209106239	0.038785835	0.011804384
110010094002	1110	104	955	33	0	0	18	0	60	0.092792793	41910	0.058902276	0.435073628	0.101740295	0.236947791	0.109772423	0.032128514	0.025435074
110010094003	1710	456	1139	0	19	0	59	37	251	0.271495878	26863	0.08681672	0.561897106	0.057073955	0.093247588	0.159967846	0	0.040996785
110010094004	739	187	529	15	0	0	8	0	145	0.071718539	41585	0.088888889	0.367521368	0.052991453	0.167521368	0.227350427	0.076923077	0.018803419
110010095011	2500	342	1660	0	0	0	498	0	751	0.16626506	17590	0.220230474	0.556338028	0.067221511	0.071702945	0.050576184	0.02240717	0.011523688
110010095012	932	0	672	0	8	0	243	9	273	0.413984462	17840	0.106542056	0.674766355	0	0.125233645	0.093457944	0	0
110010095013	3574	1575	1815	18	97	0	12	57	114	0.262454435	13281	0.212169736	0.46917534	0.03202562	0.091273018	0.14011209	0.055244195	0
110010095031	1730	134	1568	0	9	0	3	16	87	0.083815029	34554	0.053970702	0.392444102	0.047802621	0.292212799	0.168851195	0.040092521	0.00462606
110010095032	728	145	583	0	0	0	0	0	1	0.273529412	31419	0.059352518	0.595323741	0.09352518	0.18705036	0.04676259	0.017985612	0
110010095033	799	171	610	0	0	0	0	18	2	0.372574386	26302	0.05988024	0.265469062	0.041916168	0.325349301	0.291417166	0	0.015968064
110010095041	1431	248	873	7	0	0	243	60	293	0.111111111	37110	0.04376784	0.509990485	0.027592769	0.091341579	0.230256898	0.015223597	0.081826832
110010095042	1416	179	1217	0	20	0	0	0	22	0.104240283	33021	0.204455052	0.479713604	0.011933174	0.162291169	0.094669849	0.030230708	0.016706444
110010095051	956	0	660	0	18	0	245	33	245	0.10041841	29104	0.231966054	0.524752475	0.026874116	0.132956153	0.067892504	0	0.015558699
110010095052	797	9	755	0	33	0	0	0	0	0.09033877	33034	0.149441341	0.458100559	0	0.266759777	0.081005587	0	0.044692737
110010095053	955	16	928	0	11	0	0	0	14	0.170550847	24089	0.086799277	0.625678119	0	0.157323689	0.088607595	0.021699819	0.019891501
110010095071	1546	99	1416	0	22	0	0	9	148	0.041397154	34134	0.093333333	0.528888889	0.077333333	0.161777778	0.109333333	0.029333333	0
110010095081	743	111	539	0	81	0	0	12	0	0.169582773	26774	0.119250426	0.461669506	0.01362862	0.226575809	0.148211244	0.015332198	0.015332198
110010095082	1831	79	1361	0	0	0	329	62	329	0.086837794	27785	0.070202808	0.481279251	0.047581903	0.230889236	0.161466459	0.008580343	0
110010095083	1056	0	919	0	0	0	137	0	211	0.09469697	29497	0.03125	0.580528846	0.151442308	0.159855769	0.045673077	0.03125	0
110010095091	1364	24	1150	0	0	0	190	0	190	0.028592375	31658	0.134705332	0.579981291	0.094480823	0.092609916	0.047708138	0.010289991	0.040224509
110010095092	896	15	881	0	0	0	0	0	0	0.069196429	31269	0.045941807	0.496171516	0.068912711	0.223583461	0.105666156	0.029096478	0.030627871
110010095093	1033	274	759	0	0	0	0	0	200	0.076476283	26310	0.193675889	0.441370224	0.025032938	0.144927536	0.17654809	0.018445323	0
110010096011	2521	2	2480	0	0	0	7	32	7	0.430561082	16940	0.277915633	0.455748553	0.025641026	0.136476427	0.104218362	0	0
110010096021	1488	11	1376	0	0	0	101	0	112	0.363575269	14204	0.256038647	0.623188406	0.010869565	0.078502415	0.031400966	0	0
110010096022	1694	0	1694	0	0	0	0	0	0	0.43742621	12677	0.32688172	0.562365591	0.101075269	0	0.009677419	0	0
110010096031	1345	21	1284	22	0	0	0	18	11	0.162081784	29389	0.199367089	0.657172996	0.094936709	0.023206751	0.025316456	0	0
110010096032	392	0	392	0	0	0	0	0	0	0.025510204	38145	0.225308642	0.311728395	0	0.163580247	0.185185185	0.052469136	0.061728395
110010096033	998	9	844	0	0	0	117	28	117	0.206412826	23264	0.213836478	0.551886792	0.04245283	0.119496855	0.055031447	0.017295597	0
110010096041	1063	13	1047	0	0	0	0	3	33	0.172874881	27671	0.143757881	0.604035309	0.044136192	0.126103405	0.071878941	0.010088272	0
110010096042	978	11	967	0	0	0	0	0	12	0.037832311	24298	0.058321479	0.769559033	0.042674253	0.113798009	0.015647226	0	0
110010097001	2245	0	2216	0	0	0	29	0	10	0.351073345	15828	0.196105702	0.66689847	0.04659249	0.038247566	0.042420028	0.009735744	0
110010097002	686	6	677	0	0	0	3	0	3	0.428571429	19579	0.145888594	0.564986737	0.092838196	0.177718833	0.018567639	0	0
110010098011	2099	5	2025	1	0	0	0	68	21	0.469497316	12663	0.363807729	0.45994345	0.043355325	0.081055608	0.01602262	0.035815269	0
110010098021	369	0	369	0	0	0	0	0	0	0.620596206	6731	0.331210191	0.611464968	0.057324841	0	0	0	0
110010098022	834	0	834	0	0	0	0	0	0	0.376498801	19274	0.149722736	0.632162662	0.036968577	0.149722736	0.011090573	0.011090573	0.009242144
110010098031	837	6	831	0	0	0	0	0	0	0.365591398	10904	0.191343964	0.671981777	0.123006834	0	0	0.013667426	0
110010098032	908	0	908	0	0	0	0	0	0	0.488372093	18011	0.11882716	0.679012346	0.060185185	0.108024691	0.033950617	0	0
110010098033	938	37	901	0	0	0	0	0	0	0.4445629	15443	0.267857143	0.602678571	0	0.011904762	0.117559524	0	0
110010098041	1899	18	1849	0	0	0	12	20	18	0.304864865	20348	0.073732719	0.715437788	0.051843318	0.096774194	0.031105991	0.02764977	0.003456221
110010098042	716	8	708	0	0	0	0	0	4	0.209497207	23262	0.174537988	0.691991786	0.039014374	0.065708419	0.028747433	0	0
110010098071	745	20	725	0	0	0	0	0	0	0.48590604	21070	0.163461538	0.617307692	0	0.182692308	0.036538462	0	0
110010098072	2357	86	2249	0	0	0	0	22	24	0.282399299	26263	0.156925032	0.715374841	0.014612452	0.048919949	0.047649301	0.016518424	0
110010098101	1251	0	1180	0	0	0	31	40	0	0.363783347	15908	0.215654952	0.730031949	0.036741214	0.017571885	0	0	0
110010098102	855	3	805	0	0	0	0	47	9	0.258907363	19570	0.198653199	0.671717172	0.02020202	0.109427609	0	0	0
110010098111	1840	0	1812	0	0	0	0	28	0	0.460326087	11456	0.205035971	0.685851319	0	0.10911271	0	0	0
110010098112	2980	0	2961	0	0	0	19	0	0	0.444966443	11097	0.15161503	0.791694133	0.014502307	0.018457482	0.023731048	0	0
110010099011	748	44	687	0	0	0	0	17	42	0.139037433	44680	0.064102564	0.434294872	0.096153846	0.267628205	0.110576923	0.012820513	0.014423077
110010099012	1531	108	1369	0	0	0	12	42	8	0.060091444	47781	0.050199203	0.432669323	0.039840637	0.270119522	0.133067729	0.047011952	0.027091633
110010099021	884	12	872	0	0	0	0	0	19	0.122260669	31626	0.118571429	0.627142857	0.022857143	0.135714286	0.084285714	0	0.011428571
110010099022	2076	8	2043	0	7	0	0	18	0	0.313102119	18162	0.172636103	0.578080229	0.052292264	0.151146132	0.045845272	0	0
110010099031	845	14	802	29	0	0	0	0	23	0.112426036	28741	0.152854512	0.576427256	0.012891344	0.232044199	0.025782689	0	0
110010099032	670	22	648	0	0	0	0	0	0	0.234328358	42238	0.064516129	0.535842294	0.177419355	0.035842294	0.170250896	0.016129032	0
110010099041	654	13	545	0	1	0	0	95	109	0.309707242	19309	0.230434783	0.62826087	0.013043478	0.115217391	0	0	0.013043478
110010099042	1119	11	1083	0	0	0	19	6	19	0.342269884	20009	0.182370821	0.629179331	0.06231003	0.059270517	0.066869301	0	0
110010099051	1140	73	1053	0	14	0	0	0	73	0.314035088	19548	0.136887608	0.73054755	0	0.048991354	0	0.063400576	0.020172911
110010099052	533	9	524	0	0	0	0	0	9	0.110694184	29822	0.097186701	0.647058824	0.046035806	0.125319693	0.084398977	0	0
110010099053	825	20	804	1	0	0	0	0	0	0.228606357	15212	0.20959596	0.646464646	0.055555556	0.032828283	0.055555556	0	0
110010099061	1213	27	1186	0	0	0	0	0	14	0.195383347	21069	0.148741419	0.676201373	0.050343249	0.040045767	0.058352403	0.026315789	0
110010099071	927	14	893	0	0	0	0	20	53	0.262135922	21246	0.257142857	0.614285714	0.046938776	0	0.028571429	0.034693878	0.018367347
110010099072	1846	0	1794	9	0	0	0	43	43	0.515167931	13599	0.280788177	0.6591133	0.007881773	0.043349754	0.008866995	0	0
110010101001	1787	1245	224	0	138	11	127	42	233	0.113675707	75738	0.082628497	0.095640859	0.042290176	0.275211451	0.275211451	0.152244632	0.076772934
110010101002	656	395	72	0	151	0	34	4	127	0.160060976	52259	0.053639847	0.181992337	0.021072797	0.340996169	0.300766284	0.095785441	0.005747126
110010102001	1075	611	414	0	42	0	0	8	30	0.080930233	65550	0.012114537	0.203744493	0.045154185	0.276431718	0.279735683	0.104625551	0.078193833
110010102002	1501	601	625	0	65	0	0	210	187	0.038640906	64134	0.065820777	0.158604282	0.022997621	0.311657415	0.197462331	0.141157811	0.102299762
110010103001	845	343	440	14	18	0	10	20	26	0.02259887	44747	0.099137931	0.474137931	0.097701149	0.076149425	0.189655172	0.024425287	0.038793103
110010103002	1030	95	744	0	28	0	163	0	254	0.113924051	33066	0.171290712	0.317249698	0.051869723	0.238841978	0.154402895	0.02291918	0.043425814
110010103003	1287	146	856	24	25	0	204	32	336	0.338772339	25983	0.194303154	0.368260427	0.07629705	0.177009156	0.12207528	0.008138352	0.053916582
110010104001	1816	144	1649	0	0	0	0	23	0	0.328744493	21051	0.0981755	0.67680278	0	0.200695048	0.012163336	0	0.012163336
110010104002	2362	135	2200	0	8	0	4	15	18	0.272771318	19185	0.199753391	0.553637485	0.085080148	0.075832306	0.081997534	0.003699137	0
110010105001	1834	710	951	11	69	0	51	42	184	0.177753544	42191	0.053314121	0.429394813	0.025216138	0.298991354	0.15778098	0.013688761	0.021613833
110010105002	1826	1038	454	19	241	0	0	74	58	0.025739321	67348	0.039342337	0.133294187	0.010569583	0.439812096	0.340575455	0.028185555	0.008220787
110010106001	829	193	544	0	78	0	0	14	27	0.289505428	31177	0.09948542	0.346483705	0.018867925	0.183533448	0.272727273	0.07890223	0
110010106002	3090	1856	838	26	191	15	99	65	351	0.144983819	54377	0.082899306	0.153211806	0.017795139	0.384982639	0.240017361	0.097222222	0.023871528
110010106003	732	408	244	8	0	0	56	16	157	0.148907104	42097	0.149012567	0.26929982	0	0.290843806	0.276481149	0.014362657	0
110010107001	796	583	91	0	101	0	0	21	12	0.290662651	56249	0.025695931	0.029978587	0	0.451820128	0.239828694	0.122055675	0.130620985
110010107002	1018	692	92	0	186	0	9	39	39	0.179764244	63047	0.042806183	0.180737218	0.009512485	0.269916766	0.285374554	0.1843044	0.027348395
110010108001	1781	1307	225	0	131	0	5	113	98	0.617886179	6707	0.139303483	0.164179104	0	0.248756219	0.07960199	0.114427861	0.253731343
110010108002	2395	1674	188	10	382	0	58	83	188	0.510115607	7743	0	0.077844311	0.053892216	0.401197605	0.326347305	0.128742515	0.011976048
110010108003	2439	1739	391	0	187	0	28	94	110	0.448763251	8645	0	0.117948718	0	0.307692308	0.461538462	0	0.112820513
110010109001	1995	15	1961	0	0	0	0	19	0	0.537366548	13933	0.167981962	0.703494927	0.030439684	0.051860203	0.010146561	0.027057497	0.009019166
110010109002	1954	62	1880	0	0	0	12	0	23	0.696012429	9082	0.205619413	0.633461047	0.058748404	0.072796935	0.029374202	0	0
110010110001	530	228	271	0	0	0	0	31	0	0	42076	0	0.173913043	0	0.530434783	0.22826087	0.067391304	0
110010110002	703	558	126	0	15	0	4	0	53	0.136894825	96533	0	0.074204947	0.021201413	0.197879859	0.351590106	0.16254417	0.192579505
110010110003	676	466	112	0	79	0	0	19	41	0	84409	0.020602219	0.096671949	0	0.380348653	0.448494453	0.009508716	0.04437401
110010110004	1472	710	583	0	59	0	48	72	163	0.036005435	59120	0.01510574	0.29305136	0.015861027	0.18429003	0.316465257	0.142749245	0.032477341
110010111001	1490	298	1038	0	0	0	138	16	190	0.082376772	29421	0.139935414	0.47255113	0.116254037	0.20452099	0.057050592	0	0.009687836
110010111002	1794	94	1639	0	0	0	45	16	123	0.124230554	32086	0.160740741	0.498518519	0.043703704	0.225185185	0.059259259	0.005925926	0.006666667
110010111003	1418	168	1222	0	6	0	11	11	44	0.40685413	22772	0.238731219	0.567612688	0.035893155	0.115191987	0.03672788	0.005843072	0
