fips	population
1001	54773
1003	183112
1005	27327
1007	22870
1009	57376
1011	10876
1013	20932
1015	118408
1017	34122
1019	25963
1021	43653
1023	13849
1025	25766
1027	13898
1029	15004
1031	50208
1033	54524
1035	13236
1037	11780
1039	37809
1041	13869
1043	80456
1045	50394
1047	43854
1049	71163
1051	79552
1053	38345
1055	104459
1057	17229
1059	31746
1061	26777
1063	8991
1065	15745
1067	17296
1069	101798
1071	53184
1073	658215
1075	14496
1077	92737
1079	34342
1081	140794
1083	83181
1085	11289
1087	21505
1089	336095
1091	20956
1093	30816
1095	93122
1097	413315
1099	23005
1101	229505
1103	119608
1105	10563
1107	19749
1109	32970
1111	22937
1113	53321
1115	83571
1117	196032
1119	13730
1121	82172
1123	41476
1125	194996
1127	66997
1129	17626
1131	11560
1133	24412
2013	3166
2016	5559
2020	293321
2050	17084
2060	1002
2068	1835
2070	4850
2090	98264
2100	2501
2105	2107
2110	31387
2122	55554
2130	13573
2150	13646
2158	7467
2164	1639
2170	89732
2180	9543
2185	9478
2188	7560
2195	3219
2198	6211
2220	8881
2230	968
2240	7061
2261	9657
2275	2371
2282	662
2290	5612
4001	71829
4003	131822
4005	134612
4007	53561
4009	37152
4011	8339
4012	20497
4013	3825110
4015	200314
4017	107697
4019	981620
4021	379094
4023	47415
4025	210983
4027	197127
5001	19009
5003	21829
5005	41510
5007	222593
5009	36893
5011	11470
5013	5362
5015	27553
5017	11799
5019	22925
5021	16050
5023	25986
5025	8677
5027	24723
5029	21219
5031	96748
5033	61956
5035	50958
5037	17862
5039	8066
5041	12954
5043	18666
5045	114026
5047	18142
5049	12215
5051	96067
5053	17886
5055	42201
5057	22596
5059	33231
5061	13796
5063	36809
5065	13726
5067	18057
5069	77341
5071	25556
5073	7647
5075	17518
5077	10395
5079	14089
5081	13132
5083	22308
5085	68744
5087	15684
5089	16665
5091	43562
5093	46399
5095	8138
5097	9510
5099	8997
5101	8304
5103	26046
5105	10444
5107	21676
5109	11264
5111	24515
5113	20667
5115	62109
5117	8722
5119	383538
5121	17955
5123	28194
5125	107656
5127	11275
5129	8182
5131	125737
5133	17151
5135	17250
5137	12389
5139	41573
5141	17310
5143	204024
5145	77356
5147	7236
5149	22146
6001	1512986
6003	1161
6005	37886
6007	219949
6009	45468
6011	21437
6013	1052540
6015	28566
6017	181136
6019	932039
6021	28127
6023	135009
6025	174716
6027	18511
6029	840996
6031	152370
6033	64735
6035	34831
6037	9823246
6039	150986
6041	252904
6043	18277
6045	87799
6047	256721
6049	9694
6051	14257
6053	416373
6055	136759
6057	98790
6059	3015171
6061	350021
6063	19914
6065	2201576
6067	1421383
6069	55516
6071	2040848
6073	3103212
6075	805505
6077	687127
6079	269802
6081	719699
6083	424231
6085	1786040
6087	263147
6089	177274
6091	3220
6093	44938
6095	413967
6097	484755
6099	515145
6101	94751
6103	63559
6105	13755
6107	442969
6109	55190
6111	825097
6113	201073
6115	72348
8001	443691
8003	15515
8005	574747
8007	12046
8009	3807
8011	6500
8013	295037
8014	56226
8015	17808
8017	1833
8019	9083
8021	8312
8023	3529
8025	5861
8027	4279
8029	30860
8031	603359
8033	2069
8035	286977
8037	52099
8039	23142
8041	627031
8043	46837
8045	56072
8047	5471
8049	14796
8051	15291
8053	844
8055	6681
8057	1389
8059	535548
8061	1404
8063	8263
8065	7264
8067	51411
8069	300441
8071	15422
8073	5471
8075	22750
8077	146259
8079	704
8081	13794
8083	25576
8085	41186
8087	28241
8089	18859
8091	4456
8093	16279
8095	4469
8097	17154
8099	12545
8101	159390
8103	6623
8105	12023
8107	23434
8109	6136
8111	708
8113	7357
8115	2371
8117	28073
8119	23469
8121	4821
8123	254207
8125	10049
9001	919355
9003	895236
9005	189763
9007	165616
9009	863357
9011	274004
9013	153239
9015	118544
10001	162956
10003	538752
10005	197885
11001	605226
12001	247614
12003	27066
12005	169206
12007	28536
12009	543965
12011	1752803
12013	14647
12015	159875
12017	141173
12019	191451
12021	322581
12023	67553
12027	34934
12029	16400
12031	865628
12033	298038
12035	96066
12037	11522
12039	47794
12041	17000
12043	12869
12045	15825
12047	14683
12049	27730
12051	39009
12053	172969
12055	98635
12057	1233498
12059	19843
12061	138270
12063	49648
12065	14755
12067	8808
12069	297709
12071	620449
12073	275971
12075	40720
12077	8349
12079	19248
12081	323424
12083	331331
12085	146909
12086	2506972
12087	73220
12089	73513
12091	180715
12093	40025
12095	1148564
12097	269837
12099	1323619
12101	465487
12103	916412
12105	603102
12107	74220
12109	191249
12111	278264
12113	152908
12115	379930
12117	423051
12119	94278
12121	42328
12123	22595
12125	15542
12127	494440
12129	30825
12131	55217
12133	24720
13001	18334
13003	8364
13005	11062
13007	3431
13009	45704
13011	18410
13013	69676
13015	100050
13017	17645
13019	19361
13021	155814
13023	13036
13025	18479
13027	16246
13029	30377
13031	70559
13033	23336
13035	23786
13037	6697
13039	50661
13043	11025
13045	110655
13047	64069
13049	12853
13051	265799
13053	11182
13055	25959
13057	215197
13059	117403
13061	3177
13063	259877
13065	6764
13067	689495
13069	42728
13071	45634
13073	124955
13075	17185
13077	127937
13079	12587
13081	23433
13083	16630
13085	22328
13087	27817
13089	692443
13091	21761
13093	14854
13095	94513
13097	132573
13099	10983
13101	4015
13103	52464
13105	20100
13107	22607
13109	11021
13111	23685
13113	106938
13115	96431
13117	176723
13119	22074
13121	925632
13123	28339
13125	3079
13127	79744
13129	55257
13131	25021
13133	15976
13135	808007
13137	43061
13139	180033
13141	9433
13143	28758
13145	32149
13147	25240
13149	11841
13151	205039
13153	140651
13155	9577
13157	60696
13159	13889
13161	15111
13163	16869
13165	8320
13167	9986
13169	28646
13171	18265
13173	10104
13175	48384
13177	28414
13179	62765
13181	7970
13183	14574
13185	109689
13187	30282
13189	21803
13191	14311
13193	14645
13195	28212
13197	8741
13199	21818
13201	6133
13205	23502
13207	26179
13209	9144
13211	17901
13213	39533
13215	191101
13217	100133
13219	32925
13221	14899
13223	142837
13225	27857
13227	29436
13229	18815
13231	17922
13233	41547
13235	11969
13237	21191
13239	2512
13241	16277
13243	7668
13245	201115
13247	85354
13249	5020
13251	14501
13253	8727
13255	64096
13257	26117
13259	6102
13261	32684
13263	6880
13265	1703
13267	25475
13269	8777
13271	16518
13273	9526
13275	44747
13277	40251
13279	27244
13281	10535
13283	6894
13285	67054
13287	8910
13289	8973
13291	21370
13293	27054
13295	68870
13297	83992
13299	36308
13301	5782
13303	21093
13305	30074
13307	2781
13309	7769
13311	27203
13313	102745
13315	9314
13317	10388
13319	9529
13321	21692
15001	185363
15003	956285
15005	90
15007	67205
15009	155020
16001	393354
16003	3962
16005	83020
16007	5969
16009	9290
16011	45765
16013	21295
16015	7005
16017	40902
16019	104675
16021	10999
16023	2915
16025	1116
16027	189347
16029	6974
16031	23080
16033	980
16035	8727
16037	4357
16039	27121
16041	12781
16043	13225
16045	16687
16047	15471
16049	16310
16051	26223
16053	22442
16055	138848
16057	37255
16059	7953
16061	3820
16063	5206
16065	37592
16067	20083
16069	39315
16071	4290
16073	11473
16075	22637
16077	7872
16079	12749
16081	10151
16083	77545
16085	9788
16087	10177
17001	67160
17003	8206
17005	17787
17007	54101
17009	6919
17011	34959
17013	5096
17015	15394
17017	13633
17019	201546
17021	34763
17023	16291
17025	13826
17027	37843
17029	53866
17031	5199016
17033	19801
17035	11053
17037	105145
17039	16590
17041	19983
17043	917983
17045	18508
17047	6734
17049	34224
17051	22131
17053	14081
17055	40035
17057	37076
17059	5573
17061	13890
17063	50154
17065	8446
17067	19091
17069	4319
17071	7343
17073	50452
17075	29701
17077	60373
17079	9725
17081	38755
17083	22995
17085	22648
17087	12604
17089	516068
17091	113418
17093	115373
17095	52912
17097	704170
17099	113823
17101	16940
17103	35983
17105	38854
17107	30283
17109	32634
17111	309112
17113	169810
17115	110787
17117	47797
17119	269310
17121	39416
17123	12637
17125	14651
17127	15380
17129	12696
17131	16409
17133	32994
17135	30097
17137	35503
17139	14859
17141	53414
17143	186222
17145	22315
17147	16709
17149	16394
17151	4474
17153	6126
17155	6012
17157	33464
17159	16194
17161	147610
17163	270353
17165	24902
17167	197769
17169	7535
17171	5327
17173	22354
17175	5969
17177	47606
17179	135486
17181	17731
17183	81640
17185	11916
17187	17713
17189	14712
17191	16738
17193	14597
17195	58486
17197	678824
17199	66432
17201	295083
17203	38661
18001	34444
18003	355945
18005	76818
18007	8863
18009	12771
18011	56916
18013	15207
18015	20199
18017	38985
18019	110567
18021	26854
18023	33221
18025	10708
18027	31720
18029	50083
18031	25798
18033	42336
18035	117665
18037	41905
18039	197451
18041	24325
18043	74709
18045	17276
18047	23059
18049	20817
18051	33545
18053	69903
18055	33207
18057	276493
18059	70247
18061	39330
18063	145954
18065	49530
18067	82752
18069	37117
18071	42586
18073	33496
18075	21179
18077	32395
18079	28481
18081	140269
18083	38391
18085	77340
18087	37159
18089	495947
18091	111459
18093	46102
18095	131619
18097	904591
18099	47000
18101	10359
18103	36810
18105	138566
18107	38098
18109	69138
18111	14233
18113	47454
18115	6086
18117	19814
18119	21566
18121	17275
18123	19409
18125	12720
18127	164487
18129	25861
18131	13323
18133	37909
18135	26178
18137	28815
18139	17384
18141	266797
18149	23345
18143	24171
18145	44297
18147	20915
18151	34109
18153	21390
18155	10717
18163	179842
18157	173104
18159	15878
18161	7537
18165	16116
18167	107888
18169	32848
18177	68889
18171	8521
18173	59839
18175	28292
18179	27682
18181	24683
18183	33353
19007	12856
19001	7679
19003	4023
19005	14378
19009	6098
19011	26046
19013	131162
19015	26271
19023	14916
19017	24295
19019	20974
19021	20356
19025	10160
19027	20824
19029	13928
19031	18450
19033	44097
19035	12110
19037	12410
19039	9320
19041	16634
19043	18080
19045	49096
19047	17170
19049	66750
19051	8776
19053	8418
19055	17764
19057	40241
19059	16670
19061	93929
19063	10276
19065	20860
19067	16309
19069	10706
19071	7434
19073	9362
19075	12463
19077	10937
19079	15633
19081	11297
19083	17543
19085	14909
19087	20106
19089	9568
19091	9792
19093	7066
19095	16335
19097	19830
19099	36812
19101	16837
19103	131337
19105	20689
19107	10508
19109	15525
19111	35849
19113	211705
19115	11382
19117	8898
19119	11567
19121	15739
19123	22408
19125	33225
19127	40722
19129	15076
19131	10793
19133	9248
19135	7997
19137	10690
19139	42803
19141	14408
19143	6459
19145	15921
19147	9398
19149	24975
19151	7289
19153	432352
19155	93363
19157	18925
19159	5113
19161	10354
19163	165272
19165	12174
19167	33754
19169	89654
19171	17719
19173	6322
19175	12513
19177	7577
19179	35682
19181	46340
19183	21688
19185	6419
19187	37879
19189	10846
19191	21076
19193	102388
19195	7583
19197	13185
20001	13363
20003	8103
20005	16855
20007	4852
20009	27675
20011	15135
20013	9968
20015	65901
20017	2784
20019	3649
20021	21526
20023	2714
20025	2199
20027	8548
20029	9519
20031	8585
20033	1886
20035	36312
20037	39172
20039	2957
20041	19773
20043	7960
20045	111198
20047	3054
20049	2867
20051	28424
20053	6513
20055	36952
20057	34008
20059	25985
20061	35243
20063	2692
20065	2602
20067	7825
20069	6026
20071	1259
20073	6680
20075	2707
20077	6008
20079	34740
20081	4273
20083	1920
20085	13462
20087	19121
20089	3063
20091	545655
20093	4002
20095	7857
20097	2569
20099	21537
20101	1736
20103	76520
20105	3244
20107	9626
20109	2774
20111	33648
20113	29128
20115	12671
20117	10111
20119	4596
20121	32882
20123	6336
20125	35349
20127	5918
20129	3240
20131	10159
20133	16475
20135	3104
20137	5664
20139	16274
20141	3850
20143	6096
20145	6980
20147	5632
20149	21727
20151	9641
20153	2496
20155	64552
20157	4938
20159	10115
20161	71551
20163	5195
20165	3314
20167	7001
20169	55780
20171	4959
20173	499128
20175	22970
20177	178360
20179	2530
20181	6018
20183	3860
20185	4429
20187	2246
20189	5752
20191	24118
20193	7930
20195	3006
20197	7049
20199	1480
20201	5785
20203	2239
20205	9389
20207	3308
20209	157633
21001	18757
21003	20037
21005	21470
21007	8260
21009	42116
21011	11618
21013	28709
21015	119373
21017	19965
21019	49602
21021	28674
21023	8513
21025	13857
21027	20043
21029	74500
21031	12735
21033	13010
21035	37348
21037	90623
21039	5083
21041	10806
21043	27746
21045	15984
21047	74130
21049	35603
21051	21660
21053	10244
21055	9297
21057	6864
21059	96704
21061	12228
21063	7843
21065	14713
21067	296848
21069	14400
21071	39930
21073	49253
21075	6807
21077	8612
21079	16941
21081	24677
21083	37262
21085	25786
21087	11230
21089	36885
21091	8551
21093	106950
21095	29222
21097	18810
21099	18188
21101	46260
21103	15376
21105	4860
21107	46841
21109	13480
21111	742054
21113	48682
21115	23385
21117	159961
21119	16355
21121	31851
21123	14169
21125	58998
21127	15866
21129	7717
21131	11278
21133	24534
21135	13837
21137	24724
21139	9520
21141	26851
21143	8329
21145	65515
21147	18328
21149	9515
21151	83468
21153	13306
21155	19840
21157	31451
21159	12895
21161	17505
21163	28714
21165	6371
21167	21308
21169	10147
21171	10970
21173	26549
21175	13726
21177	31657
21179	43629
21181	7128
21183	23834
21185	60437
21187	10850
21189	4748
21191	14915
21193	28669
21195	65074
21197	12643
21199	63190
21201	2275
21203	17081
21205	23376
21207	17573
21209	47274
21211	42189
21213	17336
21215	17201
21217	24673
21219	12432
21221	14322
21223	8812
21225	15276
21227	114341
21229	11695
21231	20850
21233	13579
21235	35718
21237	7361
21239	25040
22001	61877
22003	25702
22005	107890
22007	23333
22009	42106
22011	35831
22013	14306
22015	117675
22017	255590
22019	193026
22021	10148
22023	6917
22025	10377
22027	17175
22029	20839
22031	26670
22033	440912
22035	7737
22037	20157
22039	33956
22041	20810
22043	22336
22045	73111
22047	33388
22049	16307
22051	432610
22053	31632
22055	222315
22057	96745
22059	14908
22061	46850
22063	128337
22065	12106
22067	27873
22069	39528
22071	347772
22073	153969
22075	23117
22077	22823
22079	131760
22081	9099
22083	20756
22085	24226
22087	36824
22089	52818
22091	11197
22093	22048
22095	45591
22097	83495
22099	52224
22101	54550
22103	234544
22105	121485
22107	5229
22109	111506
22111	22833
22113	58085
22115	52742
22117	47089
22119	41199
22121	23951
22123	11576
22125	15641
22127	15303
23001	107708
23003	71699
23005	281474
23007	30719
23009	54350
23011	122076
23013	39730
23015	34385
23017	57779
23019	153861
23021	17550
23023	35228
23025	52216
23027	38818
23029	32827
23031	197209
24001	74965
24003	539284
24005	806656
24009	88988
24011	33052
24013	167213
24015	101165
24017	147159
24019	32688
24021	234218
24023	30141
24025	245237
24027	288627
24029	20213
24031	975602
24033	866419
24035	47806
24037	105761
24039	26464
24041	37879
24043	147721
24045	98972
24047	51500
24510	620915
25001	215899
25003	131317
25005	549166
25007	16572
25009	745461
25011	71369
25013	464237
25015	159329
25017	1507681
25019	10168
25021	673019
25023	495926
25025	725772
25027	800391
26001	10879
26003	9580
26005	111523
26007	29510
26009	23491
26011	15852
26013	8861
26015	59095
26017	107679
26019	17505
26021	156737
26023	45174
26025	135951
26027	52247
26029	25935
26031	26062
26033	38616
26035	31006
26037	75403
26039	14055
26041	37047
26043	26158
26045	107746
26047	32650
26049	424953
26051	25735
26053	16396
26055	86971
26057	42432
26059	46648
26061	36730
26063	33083
26065	281116
26067	63842
26069	25839
26071	11810
26073	70294
26075	160109
26077	250751
26079	17146
26081	602975
26083	2169
26085	11515
26087	88210
26089	21719
26091	99640
26093	181069
26095	6601
26097	11108
26099	841352
26101	24588
26103	67078
26105	28717
26107	42853
26109	23968
26111	83651
26113	14816
26115	151936
26117	63315
26119	9777
26121	171913
26123	48373
26125	1203106
26127	26503
26129	21605
26131	6776
26133	23502
26135	8601
26137	24151
26139	264130
26141	13317
26143	24442
26145	199862
26147	162690
26149	61288
26151	43087
26153	8472
26155	70634
26157	55698
26159	76149
26161	345717
26163	1815081
26165	32739
27001	16210
27003	331437
27005	32551
27007	44572
27009	38462
27011	5273
27013	64086
27015	25843
27017	35416
27019	91401
27021	28652
27023	12445
27025	53904
27027	59147
27029	8705
27031	5161
27033	11715
27035	62609
27037	399211
27039	20154
27041	35989
27043	14480
27045	20862
27047	31204
27049	46210
27051	6002
27053	1154188
27055	19025
27057	20427
27059	37857
27061	45037
27063	10271
27065	16216
27067	42233
27069	4553
27071	13315
27073	7245
27075	10854
27077	4035
27079	27731
27081	5885
27083	25849
27085	36589
27087	5440
27089	9441
27091	20805
27093	23329
27095	26078
27097	33244
27099	39212
27101	8697
27103	32758
27105	21425
27107	6833
27109	144534
27111	57288
27113	13968
27115	29717
27117	9606
27119	31639
27121	10974
27123	509387
27125	4079
27127	16079
27129	15684
27131	64243
27133	9658
27135	15558
27137	200138
27139	130506
27141	88798
27143	15256
27145	150756
27147	36497
27149	9705
27151	9754
27153	24898
27155	3534
27157	21672
27159	13816
27161	19145
27163	238930
27165	11194
27167	6591
27169	51435
27171	125093
27173	10423
28001	32574
28003	37107
28005	13138
28007	19485
28009	8694
28011	34106
28013	14968
28015	10602
28017	17440
28019	8572
28021	9581
28023	16727
28025	20560
28027	26106
28029	29434
28031	19577
28033	161778
28035	74941
28037	8110
28039	22655
28041	14389
28043	21835
28045	44089
28047	187859
28049	245720
28051	19405
28053	9334
28055	1386
28057	23419
28059	139469
28061	17018
28063	7721
28065	12462
28067	67809
28069	10449
28071	47568
28073	56104
28075	80396
28077	12928
28079	23738
28081	82880
28083	32418
28085	34896
28087	59796
28089	95538
28091	26992
28093	37062
28095	36922
28097	10898
28099	29695
28101	21659
28103	11482
28105	47723
28107	34640
28109	55693
28111	12234
28113	40441
28115	30047
28117	25225
28119	8158
28121	142515
28123	28335
28125	4886
28127	27526
28129	16498
28131	17907
28133	28981
28135	15339
28137	28987
28139	22184
28141	19629
28143	10765
28145	27151
28147	15396
28149	48834
28151	51097
28153	20772
28155	10268
28157	9863
28159	19203
28161	12626
28163	28134
29001	25625
29003	17344
29005	5656
29007	25453
29009	35555
29011	12383
29013	17028
29015	19096
29017	12342
29019	163203
29021	89072
29023	42786
29025	9428
29027	44310
29029	44078
29031	75899
29033	9282
29035	6294
29037	99754
29039	13969
29041	7831
29043	77841
29045	7135
29047	222650
29049	20740
29051	76150
29053	17603
29055	24630
29057	7839
29059	16722
29061	8449
29063	12895
29065	15740
29067	13651
29069	31950
29071	101428
29073	15202
29075	6750
29077	275309
29079	10253
29081	8967
29083	22264
29085	9646
29087	4915
29089	10141
29091	40552
29093	10592
29095	674845
29097	117656
29099	219128
29101	52686
29103	4125
29105	35700
29107	33381
29109	38591
29111	10210
29113	52674
29115	12774
29117	15128
29119	23072
29121	15593
29123	12197
29125	9162
29127	28787
29129	3770
29131	24716
29133	14330
29135	15626
29137	8786
29139	12207
29141	20543
29143	18934
29145	58177
29147	23401
29149	10935
29151	13905
29153	9746
29155	18261
29157	18938
29159	42274
29161	45294
29163	18476
29165	89702
29167	31157
29169	52859
29171	4974
29173	10193
29175	25458
29177	23517
29179	6676
29181	14102
29183	361803
29185	9823
29186	18127
29187	65529
29189	998840
29195	23420
29197	4441
29199	4840
29201	39261
29203	8443
29205	6365
29207	30027
29209	32235
29211	6737
29213	51902
29215	26042
29217	21159
29219	32605
29221	25201
29223	13519
29225	36320
29227	2152
29229	18779
29510	319336
30001	9255
30003	12911
30005	6503
30007	5633
30009	10063
30011	1159
30013	81507
30015	5810
30017	11692
30019	1749
30021	8950
30023	9291
30025	2889
30027	11585
30029	90864
30031	89654
30033	1192
30035	13421
30037	879
30039	3075
30041	16153
30043	11407
30045	2073
30047	28789
30049	63577
30051	2349
30053	19694
30055	1745
30057	7696
30059	1878
30061	4229
30063	109467
30065	4555
30067	15596
30069	489
30071	4252
30073	6160
30075	1739
30077	7019
30079	1183
30081	40324
30083	9759
30085	10443
30087	9242
30089	11395
30091	3368
30093	34230
30095	9114
30097	3619
30099	6074
30101	5343
30103	718
30105	7378
30107	2156
30109	1008
30111	148394
31001	31328
31003	6679
31005	465
31007	691
31009	478
31011	5511
31013	11275
31015	2105
31017	3155
31019	46175
31021	6842
31023	8374
31025	25239
31027	8819
31029	3966
31031	5694
31033	9968
31035	6536
31037	10540
31039	9160
31041	10905
31043	21034
31045	9168
31047	24312
31049	1925
31051	5988
31053	36673
31055	518574
31057	2008
31059	5871
31061	3244
31063	2760
31065	4945
31067	22269
31069	2075
31071	2035
31073	2040
31075	613
31077	2546
31079	58805
31081	9127
31083	3422
31085	956
31087	2897
31089	10434
31091	737
31093	6279
31095	7522
31097	5233
31099	6477
31101	8357
31103	824
31105	3834
31107	8677
31109	286162
31111	36250
31113	772
31115	628
31117	539
31119	34961
31121	7852
31123	5039
31125	3740
31127	7238
31129	4514
31131	15748
31133	2781
31135	2978
31137	9183
31139	7260
31141	32305
31143	5394
31145	11059
31147	8372
31149	1524
31151	14222
31153	159720
31155	20869
31157	37057
31159	16799
31161	5444
31163	3164
31165	1311
31167	6142
31169	5235
31171	647
31173	6969
31175	4265
31177	19921
31179	9609
31181	3809
31183	825
31185	13669
32001	24818
32003	1952587
32005	47037
32007	49088
32009	784
32011	1990
32013	16584
32015	5795
32017	5351
32019	52045
32021	4786
32023	43844
32027	6737
32029	3997
32031	421954
32033	10027
32510	54981
33001	60101
33003	47826
33005	77058
33007	32970
33009	89130
33011	401055
33013	146388
33015	295289
33017	123200
33019	43745
34001	274648
34003	906284
34005	449129
34007	513275
34009	97212
34011	156699
34013	784037
34015	289150
34017	635652
34019	127322
34021	367713
34023	810758
34025	630461
34027	492617
34029	577564
34031	502023
34033	65980
34035	324122
34037	148855
34039	537369
34041	108576
35001	663923
35003	3748
35005	65720
35006	27315
35007	13725
35009	48971
35011	2031
35013	210097
35015	53909
35017	29383
35019	4695
35021	690
35023	4864
35025	64598
35027	20450
35028	17994
35029	25081
35031	71673
35033	4893
35035	64403
35037	9064
35039	40286
35041	20018
35043	132431
35045	130203
35047	29393
35049	144522
35051	12041
35053	17791
35055	32895
35057	16404
35059	4541
35061	76800
36001	304086
36003	48971
36005	1387298
36007	200481
36009	80218
36011	79895
36013	134725
36015	88895
36017	50399
36019	82096
36021	63036
36023	49279
36025	47888
36027	297728
36029	919152
36031	39360
36033	51645
36035	55455
36037	59928
36039	49139
36041	4851
36043	64470
36045	116592
36047	2509828
36049	27077
36051	65240
36053	73440
36055	744580
36057	50307
36059	1341669
36061	1588767
36063	216475
36065	234756
36067	467533
36069	108176
36071	373445
36073	42851
36075	122137
36077	62259
36079	99667
36081	2234701
36083	159340
36085	469615
36087	312499
36089	111812
36091	220109
36093	154861
36095	32686
36097	18334
36099	35266
36101	99005
36103	1494339
36105	77476
36107	51008
36109	101740
36111	182418
36113	65665
36115	63356
36117	93751
36119	950601
36121	42126
36123	25376
37001	151431
37003	37233
37005	11137
37007	26852
37009	27228
37011	17799
37013	47822
37015	21245
37017	35181
37019	108069
37021	238738
37023	90580
37025	178562
37027	83022
37029	10009
37031	66700
37033	23750
37035	154730
37037	63845
37039	27435
37041	14738
37043	10608
37045	97917
37047	57992
37049	104171
37051	327197
37053	23674
37055	33982
37057	162840
37059	41254
37061	58666
37063	271357
37065	56619
37067	351374
37069	60835
37071	206114
37073	12165
37075	8867
37077	57673
37079	21258
37081	489618
37083	54470
37085	115753
37087	58932
37089	106891
37091	24764
37093	47496
37095	5811
37097	159778
37099	40368
37101	169678
37103	10143
37105	57877
37107	59488
37109	78134
37111	45102
37113	33959
37115	20777
37117	24506
37119	923242
37121	15512
37123	27729
37125	88594
37127	95786
37129	203284
37131	22039
37133	186892
37135	133981
37137	13109
37139	40626
37141	52415
37143	13480
37145	39411
37147	168863
37149	20475
37151	141985
37153	46635
37155	134493
37157	93661
37159	138331
37161	67740
37163	63532
37165	36062
37167	60579
37169	47344
37171	73775
37173	14006
37175	33085
37177	4415
37179	202109
37181	45289
37183	906870
37185	20987
37187	13119
37189	50972
37191	122886
37193	69264
37195	81294
37197	38433
37199	17805
38001	2350
38003	11065
38005	6677
38007	783
38009	6440
38011	3143
38013	1971
38015	81701
38017	150308
38019	3987
38021	5278
38023	2080
38025	3536
38027	2385
38029	3531
38031	3343
38033	1682
38035	66994
38037	2394
38039	2416
38041	2476
38043	2447
38045	4130
38047	1998
38049	5402
38051	2800
38053	6412
38055	8998
38057	8419
38059	27570
38061	7708
38063	3121
38065	1841
38067	7402
38069	4360
38071	11450
38073	5440
38075	2484
38077	16327
38079	14007
38081	3812
38083	1316
38085	4148
38087	732
38089	24359
38091	1991
38093	21137
38095	2243
38097	8105
38099	11114
38101	62121
38103	4192
38105	22589
39001	28537
39003	106358
39005	53321
39007	101403
39009	65173
39011	45898
39013	70333
39015	44863
39017	369102
39019	28846
39021	40078
39023	138274
39025	197604
39027	41922
39029	107890
39031	36938
39033	43754
39035	1278088
39037	52963
39039	39082
39041	175099
39043	76978
39045	146417
39047	29014
39049	1166202
39051	42629
39053	31072
39055	93389
39057	161588
39059	40155
39061	802278
39063	74689
39065	32127
39067	15825
39069	28171
39071	43621
39073	29478
39075	42473
39077	59560
39079	33248
39081	69670
39083	61090
39085	230014
39087	62424
39089	166705
39091	45743
39093	301478
39095	441434
39097	43434
39099	238381
39101	66458
39103	172509
39105	23731
39107	40788
39109	102487
39111	14609
39113	535597
39115	15034
39117	34790
39119	86214
39121	14660
39123	41359
39125	19557
39127	36037
39129	55740
39131	28612
39133	161386
39135	42170
39137	34476
39139	124162
39141	78098
39143	60885
39145	79664
39147	56618
39149	49349
39151	375372
39153	541645
39155	209840
39157	92543
39159	52464
39161	28678
39163	13405
39165	213429
39167	61713
39169	114394
39171	37512
39173	125950
39175	22588
40001	22756
40003	5629
40005	14214
40007	5631
40009	22061
40011	9910
40013	42580
40015	29703
40017	116361
40019	47813
40021	47126
40023	15236
40025	2471
40027	257085
40029	5911
40031	125397
40033	6172
40035	15060
40037	70248
40039	27580
40041	41562
40043	4810
40045	4158
40047	60765
40049	27577
40051	52440
40053	4537
40055	6210
40057	2921
40059	3694
40061	12779
40063	14030
40065	26485
40067	6438
40069	11002
40071	46430
40073	15065
40075	9442
40077	11157
40079	50525
40081	34356
40083	42056
40085	9412
40087	34733
40089	33204
40091	20271
40093	7518
40095	15836
40097	41314
40099	13527
40101	71129
40103	11563
40105	10524
40107	12230
40109	720762
40111	40082
40113	47498
40115	31859
40117	16589
40119	77416
40121	45795
40123	37595
40125	69650
40127	11594
40129	3648
40131	87017
40133	25486
40135	42509
40137	45100
40139	20802
40141	7986
40143	604973
40145	73426
40147	51069
40149	11543
40151	8903
40153	19998
41001	16109
41003	85574
41005	376788
41007	37088
41009	49355
41011	63007
41013	20884
41015	22378
41017	157742
41019	107631
41021	1882
41023	7464
41025	7400
41027	22445
41029	203341
41031	21661
41033	82879
41035	66322
41037	7875
41039	351920
41041	45999
41043	116891
41045	31349
41047	315941
41049	11209
41051	737276
41053	75538
41055	1779
41057	25254
41059	76094
41061	25731
41063	7012
41065	25284
41067	531638
41069	1447
41071	99304
42001	101479
42003	1223957
42005	68981
42007	170630
42009	49699
42011	412039
42013	127045
42015	62731
42017	625385
42019	184115
42021	143461
42023	5081
42025	65248
42027	154230
42029	499925
42031	39923
42033	81545
42035	39263
42037	67356
42039	88614
42041	235886
42043	268281
42045	558981
42047	31861
42049	280799
42051	136441
42053	7706
42055	149925
42057	14862
42059	38607
42061	45994
42063	88862
42065	45163
42067	24626
42069	214501
42071	520319
42073	91018
42075	133664
42077	350164
42079	320998
42081	116225
42083	43345
42085	116605
42087	46641
42089	169849
42091	800874
42093	18301
42095	297935
42097	94293
42099	45921
42101	1528283
42103	57359
42105	17454
42107	148288
42109	39708
42111	77759
42113	6407
42115	43342
42117	41974
42119	45001
42121	54972
42123	41771
42125	207938
42127	52868
42129	365028
42131	28241
42133	435413
44001	49818
44003	166030
44005	83176
44007	627838
44009	127097
45001	25328
45003	160552
45005	10354
45007	187086
45009	15956
45011	22638
45013	162829
45015	179480
45017	15097
45019	350940
45021	55535
45023	33163
45025	46614
45027	34948
45029	38887
45031	68522
45033	32078
45035	137030
45037	26963
45039	23840
45041	137140
45043	60327
45045	452697
45047	69766
45049	21073
45051	270274
45053	24948
45055	61710
45057	76971
45059	66505
45061	19222
45063	263357
45065	10209
45067	32956
45069	28917
45071	37609
45073	74348
45075	92321
45077	119337
45079	385735
45081	19907
45083	284731
45085	107607
45087	28930
45089	34347
45091	226865
46003	2701
46005	17406
46007	3451
46009	7061
46011	31999
46013	36653
46015	5282
46017	1934
46019	10144
46021	1471
46023	9154
46025	3698
46027	13828
46029	27212
46031	4067
46033	8275
46035	19482
46037	5709
46039	4350
46041	5327
46043	2994
46045	4065
46047	7114
46049	2368
46051	7349
46053	4270
46055	1931
46057	5915
46059	3434
46061	3330
46063	1246
46065	17072
46067	7337
46069	1422
46071	3050
46073	2091
46075	1011
46077	5132
46079	11279
46081	24205
46083	45183
46085	3761
46087	5609
46089	2455
46091	4642
46093	25484
46095	2026
46097	2374
46099	169955
46101	6493
46102	13636
46103	101243
46105	2988
46107	2351
46109	10189
46111	2354
46115	6421
46117	2971
46119	1377
46121	9642
46123	5648
46125	8352
46127	14491
46129	5442
46135	22436
46137	2824
47001	75098
47003	45078
47005	16511
47007	12884
47009	123199
47011	99083
47013	40735
47015	13797
47017	28454
47019	57342
47021	39131
47023	17194
47025	32215
47027	7844
47029	35640
47031	52770
47033	14588
47035	56193
47037	627746
47039	11717
47041	18695
47043	49684
47045	38318
47047	38427
47049	17923
47051	40959
47053	49731
47055	29406
47057	22721
47059	68834
47061	13725
47063	62510
47065	337214
47067	6798
47069	27169
47071	26050
47073	56870
47075	18812
47077	27788
47079	32398
47081	24647
47083	8451
47085	18558
47087	11625
47089	51714
47091	18286
47093	432938
47095	7827
47097	27721
47099	41967
47101	12173
47103	33382
47105	48710
47107	52176
47109	26066
47111	22237
47113	98249
47115	28220
47117	30687
47119	81172
47121	11792
47123	44610
47125	173159
47127	6330
47129	22019
47131	31822
47133	22092
47135	7940
47137	5082
47139	16813
47141	72549
47143	31858
47145	54169
47147	66322
47149	263708
47151	22227
47153	14128
47155	89923
47157	928447
47159	19126
47161	13348
47163	156749
47165	161214
47167	61065
47169	7874
47171	18284
47173	19116
47175	5569
47177	39858
47179	123384
47181	16985
47183	35044
47185	25828
47187	184143
47189	114677
48001	58493
48003	14849
48005	86905
48007	23181
48009	9118
48011	1902
48013	44965
48015	28363
48017	7154
48019	20559
48021	74371
48023	3708
48025	31864
48027	312849
48029	1722838
48031	10498
48033	646
48035	18269
48037	92638
48039	314428
48041	195666
48043	9258
48045	1633
48047	7208
48049	38076
48051	17237
48053	42762
48055	38127
48057	21313
48059	13512
48061	407630
48063	12398
48065	6162
48067	30457
48069	8126
48071	35456
48073	50941
48075	7070
48077	10737
48079	3147
48081	3319
48083	8870
48085	787614
48087	3054
48089	20872
48091	109306
48093	13953
48095	4102
48097	38472
48099	75651
48101	1512
48103	4382
48105	3701
48107	6026
48109	2403
48111	6747
48113	2372993
48115	13826
48117	19467
48119	5242
48121	666760
48123	20054
48125	2447
48127	10043
48129	3734
48131	11724
48133	18594
48135	137075
48137	1999
48139	150367
48141	803576
48143	37912
48145	17891
48147	33920
48149	24556
48151	3959
48153	6403
48155	1344
48157	590253
48159	10607
48161	19803
48163	17256
48165	17588
48167	292484
48169	6467
48171	24874
48173	1232
48175	7219
48177	19797
48179	22470
48181	121034
48183	121984
48185	26616
48187	132587
48189	36269
48191	3359
48193	8465
48195	5599
48197	4159
48199	54784
48201	4107666
48203	65765
48205	6064
48207	5879
48209	158214
48211	3795
48213	78665
48215	779149
48217	35144
48219	22853
48221	51268
48223	35208
48225	23682
48227	34993
48229	3472
48231	86365
48233	22214
48235	1607
48237	9004
48239	14091
48241	35777
48243	2344
48245	252455
48247	5287
48249	40894
48251	151264
48253	20238
48255	14889
48257	103872
48259	33589
48261	417
48263	812
48265	49643
48267	4601
48269	288
48271	3590
48273	32037
48275	3723
48277	49820
48279	13993
48281	19762
48283	6913
48285	19256
48287	16591
48289	16723
48291	75859
48293	23492
48295	3283
48297	11556
48299	19336
48301	84
48303	280301
48305	5914
48307	8231
48309	235917
48311	711
48313	13739
48315	10485
48317	4809
48319	4010
48321	36709
48323	54432
48325	46114
48327	2230
48329	136974
48331	24681
48333	4968
48335	9412
48337	19718
48339	459208
48341	22005
48343	12919
48345	1205
48347	64685
48349	47869
48351	14448
48353	15244
48355	340245
48357	10171
48359	2050
48361	82012
48363	28095
48365	23772
48367	117316
48369	10265
48371	15523
48373	45446
48375	121371
48377	7875
48379	10913
48381	121179
48383	3353
48385	3322
48387	12874
48389	13834
48391	7375
48393	924
48395	16555
48397	78919
48399	10508
48401	53361
48403	10871
48405	8854
48407	26474
48409	64431
48411	6134
48413	3503
48415	16928
48417	3383
48419	25458
48421	3025
48423	210408
48425	8500
48427	61134
48429	9620
48431	1137
48433	1496
48435	4062
48437	7918
48439	1817480
48441	131835
48443	1011
48445	12682
48447	1639
48449	32419
48451	110678
48453	1030503
48455	14729
48457	21764
48459	39377
48461	3338
48463	26443
48465	48971
48467	52579
48469	86883
48471	68241
48473	43519
48475	10594
48477	33708
48479	251370
48481	41281
48483	5387
48485	131794
48487	13509
48489	22225
48491	426287
48493	43051
48495	7085
48497	59115
48499	41977
48501	7851
48503	18522
48505	14087
48507	11729
49001	6655
49003	50175
49005	113386
49007	21403
49009	1077
49011	307910
49013	18647
49015	11005
49017	5197
49019	9312
49021	46263
49023	10264
49025	7213
49027	12541
49029	9522
49031	1565
49033	2254
49035	1032976
49037	14824
49039	27940
49041	20798
49043	36500
49045	58502
49047	32467
49049	519998
49051	23644
49053	138389
49055	2772
49057	232133
50001	36823
50003	37078
50005	31166
50007	156769
50009	6312
50011	47821
50013	6948
50015	24515
50017	28944
50019	27245
50021	61586
50023	59570
50025	44502
50027	56600
51001	33148
51003	99204
51005	16203
51007	12746
51009	32387
51011	15098
51013	209295
51015	73584
51017	4721
51019	75035
51021	6799
51023	33199
51025	17402
51027	24084
51029	17091
51031	54901
51033	28635
51035	30071
51036	7259
51037	12568
51041	317198
51043	14012
51045	5198
51047	46838
51049	10028
51051	15847
51053	28063
51057	11146
51059	1086155
51061	65440
51063	15365
51065	25791
51067	56176
51069	78550
51071	17316
51073	36940
51075	21744
51077	15497
51079	18457
51081	12234
51083	36206
51085	99902
51087	307253
51089	54135
51091	2297
51093	35316
51095	67661
51097	6976
51099	23696
51101	15999
51103	11362
51105	25605
51107	315478
51109	33309
51111	12910
51113	13300
51115	8974
51117	32708
51119	10980
51121	94557
51125	14978
51127	18543
51131	12409
51133	12355
51135	15840
51137	33578
51139	24065
51141	18470
51143	63586
51145	28125
51147	23359
51149	35642
51153	406169
51155	34828
51157	7500
51159	9280
51161	92401
51163	22346
51165	76408
51167	28878
51169	23128
51171	42052
51173	32198
51175	18640
51177	122976
51179	129832
51181	7044
51183	12011
51185	45117
51187	37518
51191	54967
51193	17489
51195	41572
51197	29252
51199	65222
51510	140729
51520	17766
51530	6611
51540	43461
51550	223556
51570	17339
51580	5940
51590	42924
51595	5921
51600	22614
51610	12399
51620	8579
51630	24354
51640	6991
51650	137415
51660	48993
51670	22642
51678	7043
51680	75548
51683	38212
51685	14449
51690	13760
51700	180888
51710	242999
51720	4012
51730	32502
51735	12148
51740	95451
51750	16430
51760	204302
51770	96720
51775	24895
51790	23737
51800	84813
51810	438859
51820	20993
51830	13727
51840	26150
53001	18790
53003	21725
53005	176465
53007	72750
53009	71503
53011	426704
53013	4094
53015	102358
53017	38514
53019	7545
53021	79077
53023	2261
53025	89558
53027	72848
53029	78693
53031	29899
53033	1938351
53035	251681
53037	40990
53039	20376
53041	75502
53043	10573
53045	60733
53047	41229
53049	20879
53051	12950
53053	795390
53055	15783
53057	116944
53059	11116
53061	715500
53063	472081
53065	43472
53067	253001
53069	3983
53071	58915
53073	201545
53075	44796
53077	244256
54001	16610
54003	104621
54005	24608
54007	14545
54009	23978
54011	96322
54013	7656
54015	9373
54017	8198
54019	46030
54021	8731
54023	11893
54025	35548
54027	23952
54029	30681
54031	14044
54033	69249
54035	29234
54037	53609
54039	192917
54041	16414
54043	21673
54045	36723
54047	22097
54049	56548
54051	33094
54053	27368
54055	62336
54057	28205
54059	26768
54061	96754
54063	13522
54065	17491
54067	26229
54069	44472
54071	7675
54073	7571
54075	8734
54077	33554
54079	55620
54081	78919
54083	29363
54085	10420
54087	14895
54089	13940
54091	16889
54093	7129
54095	9218
54097	24239
54099	42466
54101	9153
54103	16535
54105	5725
54107	86973
54109	23728
55001	20878
55003	16143
55005	45814
55007	15000
55009	248476
55011	13551
55013	15430
55015	49040
55017	62638
55019	34683
55021	56860
55023	16633
55025	489218
55027	88728
55029	27750
55031	44134
55033	43887
55035	99017
55037	4398
55039	101576
55041	9294
55043	51233
55045	36857
55047	19015
55049	23690
55051	5924
55053	20465
55055	83724
55057	26672
55059	166626
55061	20561
55063	114872
55065	16807
55067	19963
55069	28779
55071	81331
55073	134050
55075	41663
55077	15375
55078	4269
55079	948285
55081	44813
55083	37717
55085	35949
55087	176908
55089	86377
55091	7472
55093	41089
55095	44156
55097	70024
55099	14097
55101	195406
55103	18024
55105	160260
55107	14731
55109	84397
55111	62050
55113	16549
55115	41939
55117	115524
55119	20661
55121	28846
55123	29766
55125	21455
55127	102197
55129	15930
55131	131988
55133	390028
55135	52399
55137	24526
55139	167073
55141	74815
56001	36469
56003	11666
56005	46245
56007	15848
56009	13822
56011	7118
56013	40198
56015	13422
56017	4811
56019	8590
56021	92236
56023	18099
56025	75470
56027	2491
56029	28241
56031	8665
56033	29148
56035	10261
56037	43574
56039	21296
56041	21089
56043	8530
56045	7198
72001	19471
72003	41908
72005	60785
72007	28647
72009	25874
72011	29267
72013	96232
72015	19574
72017	24822
72019	30325
72021	207675
72023	50984
72025	142861
72027	35112
72029	47690
72031	176442
72033	28091
72035	48123
72037	13595
72039	18744
72041	43475
72043	40591
72045	20795
72047	37123
72049	1820
72051	38228
72053	36881
72054	12684
72055	19371
72057	45269
72059	21517
72061	97803
72063	45574
72065	41980
72067	17256
72069	58364
72071	45656
72073	16630
72075	50719
72077	40356
72079	25696
72081	30644
72083	9868
72085	38728
72087	30009
72089	20051
72091	44040
72093	6277
72095	12235
72097	88805
72099	40093
72101	32651
72103	26763
72105	30373
72107	23415
72109	19214
72111	24221
72113	165733
72115	25888
72117	15206
72119	54278
72121	25326
72123	31037
72125	35624
72127	394296
72129	41010
72131	42354
72133	23277
72135	74282
72137	89474
72139	74785
72141	33045
72143	39934
72145	59562
72147	9314
72149	26001
72151	37874
72153	41828
